_id,1. open,2. high,3. low,4. close,5. volume,date,symbol
67999cac0da2ccc8cae2ee25,17.1900,20.0000,14.5000,15.0600,1860261,2025-01-28,DWTX
67999cac0da2ccc8cae2ee26,9.4000,21.7800,9.4000,17.4000,15118929,2025-01-27,DWTX
67999cac0da2ccc8cae2ee27,17.4900,19.3300,10.1000,11.4000,8162763,2025-01-24,DWTX
67999cac0da2ccc8cae2ee28,2.7200,29.2800,2.7200,13.3500,102194631,2025-01-23,DWTX
67999cac0da2ccc8cae2ee29,2.7600,3.1900,2.6000,2.8000,654620,2025-01-22,DWTX
67999cac0da2ccc8cae2ee2a,2.5300,3.9900,2.0500,3.1500,24248596,2025-01-21,DWTX
67999cac0da2ccc8cae2ee2b,1.9900,1.9900,1.8700,1.8700,17395,2025-01-17,DWTX
67999cac0da2ccc8cae2ee2c,2.2100,2.2393,1.9200,1.9300,48582,2025-01-16,DWTX
67999cac0da2ccc8cae2ee2d,2.2300,2.2799,2.1700,2.2000,8882,2025-01-15,DWTX
67999cac0da2ccc8cae2ee2e,2.3100,2.3350,2.1000,2.2300,45400,2025-01-14,DWTX
67999cac0da2ccc8cae2ee2f,2.3400,2.4400,2.2900,2.3200,9688,2025-01-13,DWTX
67999cac0da2ccc8cae2ee30,2.3800,2.4400,2.3600,2.3600,6777,2025-01-10,DWTX
67999cac0da2ccc8cae2ee31,2.5600,2.6772,2.3800,2.3800,30596,2025-01-08,DWTX
67999cac0da2ccc8cae2ee32,2.8600,2.8600,2.4882,2.6500,51639,2025-01-07,DWTX
67999cac0da2ccc8cae2ee33,2.7800,2.9294,2.5200,2.5700,16554,2025-01-06,DWTX
67999cac0da2ccc8cae2ee34,2.6300,2.7500,2.4800,2.6100,10887,2025-01-03,DWTX
67999cac0da2ccc8cae2ee35,2.6000,2.6000,2.4200,2.5100,22306,2025-01-02,DWTX
67999cac0da2ccc8cae2ee36,2.8200,2.8605,2.4800,2.4900,17057,2024-12-31,DWTX
67999cac0da2ccc8cae2ee37,2.8300,2.9610,2.7000,2.8500,25530,2024-12-30,DWTX
67999cac0da2ccc8cae2ee38,2.7700,2.9400,2.6100,2.8200,33903,2024-12-27,DWTX
67999cac0da2ccc8cae2ee39,2.9700,2.9999,2.6200,2.6200,21598,2024-12-26,DWTX
67999cac0da2ccc8cae2ee3a,2.6000,2.8800,2.5000,2.8700,34873,2024-12-24,DWTX
67999cac0da2ccc8cae2ee3b,2.8300,2.9800,2.3300,2.7200,84033,2024-12-23,DWTX
67999cac0da2ccc8cae2ee3c,2.3000,2.6300,2.3000,2.3400,33400,2024-12-20,DWTX
67999cac0da2ccc8cae2ee3d,2.4202,2.4362,2.3200,2.3200,10712,2024-12-19,DWTX
67999cac0da2ccc8cae2ee3e,2.4000,2.6571,2.3066,2.4200,26658,2024-12-18,DWTX
67999cac0da2ccc8cae2ee3f,2.3400,2.4600,2.3100,2.3400,5035,2024-12-17,DWTX
67999cac0da2ccc8cae2ee40,2.5800,2.5900,2.3344,2.4500,15018,2024-12-16,DWTX
67999cac0da2ccc8cae2ee41,2.4518,2.4986,2.3200,2.3600,4932,2024-12-13,DWTX
67999cac0da2ccc8cae2ee42,2.6700,2.7000,2.4000,2.4100,14629,2024-12-12,DWTX
67999cac0da2ccc8cae2ee43,2.6700,2.8259,2.6500,2.6700,12537,2024-12-11,DWTX
67999cac0da2ccc8cae2ee44,2.4700,2.7400,2.4700,2.7400,20653,2024-12-10,DWTX
67999cac0da2ccc8cae2ee45,2.5200,2.7500,2.3647,2.6000,26556,2024-12-09,DWTX
67999cac0da2ccc8cae2ee46,2.2800,2.5109,2.2800,2.3700,13479,2024-12-06,DWTX
67999cac0da2ccc8cae2ee47,2.4000,2.5401,2.2900,2.2900,55544,2024-12-05,DWTX
67999cac0da2ccc8cae2ee48,2.5700,2.5700,2.3900,2.5197,9764,2024-12-04,DWTX
67999cac0da2ccc8cae2ee49,2.4800,2.6600,2.4500,2.5150,23683,2024-12-03,DWTX
67999cac0da2ccc8cae2ee4a,2.3600,2.7009,2.3600,2.4300,23818,2024-12-02,DWTX
67999cac0da2ccc8cae2ee4b,2.5650,2.5650,2.4000,2.4000,20192,2024-11-29,DWTX
67999cac0da2ccc8cae2ee4c,2.7300,2.8700,2.5800,2.6000,43493,2024-11-27,DWTX
67999cac0da2ccc8cae2ee4d,2.6785,2.8200,2.5500,2.6450,11119,2024-11-26,DWTX
67999cac0da2ccc8cae2ee4e,2.5400,2.8000,2.4600,2.6800,25348,2024-11-25,DWTX
67999cac0da2ccc8cae2ee4f,2.6000,2.7400,2.4600,2.5500,103162,2024-11-22,DWTX
67999cac0da2ccc8cae2ee50,2.3600,2.8500,2.0900,2.7100,136025,2024-11-21,DWTX
67999cac0da2ccc8cae2ee51,2.6400,2.7005,2.2500,2.4300,75606,2024-11-20,DWTX
67999cac0da2ccc8cae2ee52,1.7700,3.0280,1.7600,2.6000,637000,2024-11-19,DWTX
67999cac0da2ccc8cae2ee53,2.9700,3.0700,1.6200,1.8500,143845,2024-11-18,DWTX
67999cac0da2ccc8cae2ee54,3.3100,3.3100,2.9600,2.9700,16951,2024-11-15,DWTX
67999cac0da2ccc8cae2ee55,3.0700,3.2300,2.9700,3.2000,15972,2024-11-14,DWTX
67999cac0da2ccc8cae2ee56,3.2900,3.4300,2.9400,2.9700,56806,2024-11-13,DWTX
67999cac0da2ccc8cae2ee57,3.4100,3.7600,3.3200,3.4600,42915,2024-11-12,DWTX
67999cac0da2ccc8cae2ee58,3.7600,4.0632,3.2000,3.4200,109070,2024-11-11,DWTX
67999cac0da2ccc8cae2ee59,4.4800,4.7067,4.3000,4.3000,29918,2024-11-08,DWTX
67999cac0da2ccc8cae2ee5a,4.3200,4.4827,4.3181,4.4500,13441,2024-11-07,DWTX
67999cac0da2ccc8cae2ee5b,4.3600,4.8226,4.2010,4.4500,50129,2024-11-06,DWTX
67999cac0da2ccc8cae2ee5c,4.3000,4.7200,4.1900,4.6200,35454,2024-11-05,DWTX
67999cac0da2ccc8cae2ee5d,4.2400,4.4700,4.2100,4.4400,22920,2024-11-04,DWTX
67999cac0da2ccc8cae2ee5e,4.3000,4.5100,4.2800,4.3700,68155,2024-11-01,DWTX
67999cac0da2ccc8cae2ee5f,4.2300,4.5000,4.1700,4.3500,22971,2024-10-31,DWTX
67999cac0da2ccc8cae2ee60,4.2000,4.5100,4.0500,4.1600,72777,2024-10-30,DWTX
67999cac0da2ccc8cae2ee61,4.9000,4.9000,4.4048,4.4600,31195,2024-10-29,DWTX
67999cac0da2ccc8cae2ee62,4.7600,4.9800,4.6300,4.8700,34022,2024-10-28,DWTX
67999cac0da2ccc8cae2ee63,4.5000,5.1500,4.5000,4.9900,94507,2024-10-25,DWTX
67999cac0da2ccc8cae2ee64,4.1000,4.7620,3.9620,4.7501,79896,2024-10-24,DWTX
67999cac0da2ccc8cae2ee65,3.8320,4.1300,3.8320,4.1300,13331,2024-10-23,DWTX
67999cac0da2ccc8cae2ee66,3.8800,4.2000,3.7500,4.1100,67651,2024-10-22,DWTX
67999cac0da2ccc8cae2ee67,3.9500,4.0989,3.6350,3.9500,109194,2024-10-21,DWTX
67999cac0da2ccc8cae2ee68,4.0000,4.0000,3.8500,3.8600,119201,2024-10-18,DWTX
67999cac0da2ccc8cae2ee69,3.9700,4.1993,3.8500,4.0100,214674,2024-10-17,DWTX
67999cac0da2ccc8cae2ee6a,3.6400,4.9000,3.5000,4.4300,207711,2024-10-16,DWTX
67999cac0da2ccc8cae2ee6b,4.3800,4.3900,3.6400,3.6600,101304,2024-10-15,DWTX
67999cac0da2ccc8cae2ee6c,3.7500,4.7900,3.6201,4.4900,259479,2024-10-14,DWTX
67999cac0da2ccc8cae2ee6d,3.1200,5.2900,2.8000,4.1199,1082358,2024-10-11,DWTX
67999cac0da2ccc8cae2ee6e,2.7900,3.1400,2.5010,3.1200,154491,2024-10-10,DWTX
67999cac0da2ccc8cae2ee6f,3.5500,3.7700,2.5200,2.8300,190293,2024-10-09,DWTX
67999cac0da2ccc8cae2ee70,0.2003,0.2068,0.1430,0.1550,42675668,2024-10-08,DWTX
67999cac0da2ccc8cae2ee71,0.1743,0.1743,0.1260,0.1379,3940312,2024-10-07,DWTX
67999cac0da2ccc8cae2ee72,0.1605,0.1720,0.1600,0.1692,309383,2024-10-04,DWTX
67999cac0da2ccc8cae2ee73,0.1578,0.1600,0.1538,0.1568,309338,2024-10-03,DWTX
67999cac0da2ccc8cae2ee74,0.1558,0.1629,0.1558,0.1591,144546,2024-10-02,DWTX
67999cac0da2ccc8cae2ee75,0.1677,0.1718,0.1510,0.1558,677687,2024-10-01,DWTX
67999cac0da2ccc8cae2ee76,0.1800,0.1926,0.1680,0.1700,874364,2024-09-30,DWTX
67999cac0da2ccc8cae2ee77,0.1800,0.1870,0.1766,0.1870,127690,2024-09-27,DWTX
67999cac0da2ccc8cae2ee78,0.1747,0.1927,0.1721,0.1800,464016,2024-09-26,DWTX
67999cac0da2ccc8cae2ee79,0.1900,0.1959,0.1708,0.1747,985773,2024-09-25,DWTX
67999cac0da2ccc8cae2ee7a,0.1913,0.2049,0.1900,0.1900,464309,2024-09-24,DWTX
67999cac0da2ccc8cae2ee7b,0.1950,0.2190,0.1851,0.1942,588330,2024-09-23,DWTX
67999cac0da2ccc8cae2ee7c,0.2053,0.2099,0.1968,0.1993,269745,2024-09-20,DWTX
67999cac0da2ccc8cae2ee7d,0.2100,0.2100,0.1946,0.2019,390304,2024-09-19,DWTX
67999cac0da2ccc8cae2ee7e,0.2130,0.2130,0.1962,0.2000,159523,2024-09-18,DWTX
67999cac0da2ccc8cae2ee7f,0.1984,0.2282,0.1920,0.2022,826029,2024-09-17,DWTX
67999cac0da2ccc8cae2ee80,0.1900,0.1995,0.1870,0.1964,250307,2024-09-16,DWTX
67999cac0da2ccc8cae2ee81,0.1900,0.2000,0.1850,0.1949,271771,2024-09-13,DWTX
67999cac0da2ccc8cae2ee82,0.1888,0.1920,0.1828,0.1895,183588,2024-09-12,DWTX
67999cac0da2ccc8cae2ee83,0.1790,0.1873,0.1710,0.1870,469508,2024-09-11,DWTX
67999cac0da2ccc8cae2ee84,0.1800,0.1860,0.1711,0.1755,197558,2024-09-10,DWTX
67999cac0da2ccc8cae2ee85,0.1820,0.1875,0.1750,0.1810,276865,2024-09-09,DWTX
67999cac0da2ccc8cae2ee86,0.1850,0.1872,0.1700,0.1780,422991,2024-09-06,DWTX
67999cac0da2ccc8cae2ee87,0.1778,0.1898,0.1735,0.1846,382781,2024-09-05,DWTX
67999cac0da2ccc8cae2ee88,0.1920,0.1994,0.1778,0.1778,235860,2024-09-04,DWTX
67999cac0da2ccc8cae2ee89,0.1994,0.1999,0.1807,0.1830,304394,2024-09-03,DWTX
67999cac0da2ccc8cae2ee8a,0.1840,0.1970,0.1811,0.1940,410540,2024-08-30,DWTX
67999cac0da2ccc8cae2ee8b,0.1900,0.1923,0.1788,0.1800,437072,2024-08-29,DWTX
67999cac0da2ccc8cae2ee8c,0.2090,0.2155,0.1850,0.1850,796983,2024-08-28,DWTX
67999cac0da2ccc8cae2ee8d,0.2160,0.2228,0.2018,0.2071,582573,2024-08-27,DWTX
67999cac0da2ccc8cae2ee8e,0.2050,0.2400,0.2050,0.2156,1635927,2024-08-26,DWTX
67999cac0da2ccc8cae2ee8f,0.2030,0.2150,0.1830,0.2105,6947697,2024-08-23,DWTX
67999cac0da2ccc8cae2ee90,0.2100,0.2216,0.2000,0.2096,535643,2024-08-22,DWTX
67999cac0da2ccc8cae2ee91,0.2034,0.2301,0.1901,0.2258,1776724,2024-08-21,DWTX
67999cac0da2ccc8cae2ee92,0.2047,0.2115,0.1901,0.1967,273203,2024-08-20,DWTX
67999cac0da2ccc8cae2ee93,0.1970,0.1976,0.1803,0.1900,204751,2024-08-19,DWTX
67999cac0da2ccc8cae2ee94,0.1929,0.1929,0.1801,0.1890,151678,2024-08-16,DWTX
67999cac0da2ccc8cae2ee95,0.1711,0.1947,0.1711,0.1888,176180,2024-08-15,DWTX
67999cac0da2ccc8cae2ee96,0.1830,0.1830,0.1701,0.1755,147924,2024-08-14,DWTX
67999cac0da2ccc8cae2ee97,0.1739,0.1800,0.1670,0.1797,181663,2024-08-13,DWTX
67999cac0da2ccc8cae2ee98,0.1770,0.1775,0.1620,0.1673,379706,2024-08-12,DWTX
67999cac0da2ccc8cae2ee99,0.1864,0.1864,0.1740,0.1745,249888,2024-08-09,DWTX
67999cac0da2ccc8cae2ee9a,0.1900,0.1900,0.1655,0.1793,826149,2024-08-08,DWTX
67999cac0da2ccc8cae2ee9b,0.1964,0.1964,0.1820,0.1873,301132,2024-08-07,DWTX
67999cac0da2ccc8cae2ee9c,0.1866,0.1999,0.1866,0.1943,253787,2024-08-06,DWTX
67999cac0da2ccc8cae2ee9d,0.1810,0.1899,0.1700,0.1856,382397,2024-08-05,DWTX
67999cac0da2ccc8cae2ee9e,0.2040,0.2049,0.1727,0.1890,937321,2024-08-02,DWTX
67999cac0da2ccc8cae2ee9f,0.2100,0.2160,0.2003,0.2060,734079,2024-08-01,DWTX
67999cac0da2ccc8cae2eea0,0.2110,0.2144,0.2080,0.2110,228299,2024-07-31,DWTX
67999cac0da2ccc8cae2eea1,0.2200,0.2200,0.2050,0.2105,552456,2024-07-30,DWTX
67999cac0da2ccc8cae2eea2,0.2244,0.2244,0.2025,0.2190,828397,2024-07-29,DWTX
67999cac0da2ccc8cae2eea3,0.2312,0.2397,0.2161,0.2200,811509,2024-07-26,DWTX
67999cac0da2ccc8cae2eea4,0.2300,0.2393,0.2251,0.2318,534482,2024-07-25,DWTX
67999cac0da2ccc8cae2eea5,0.2435,0.2599,0.2288,0.2306,864208,2024-07-24,DWTX
67999cac0da2ccc8cae2eea6,0.2300,0.2733,0.2300,0.2435,2300038,2024-07-23,DWTX
67999cac0da2ccc8cae2eea7,0.2300,0.2395,0.2211,0.2282,1571091,2024-07-22,DWTX
67999cac0da2ccc8cae2eea8,0.2600,0.2677,0.2202,0.2516,1628372,2024-07-19,DWTX
67999cac0da2ccc8cae2eea9,0.3217,0.3329,0.2615,0.2631,12947151,2024-07-18,DWTX
67999cac0da2ccc8cae2eeaa,0.2419,0.3070,0.2412,0.2910,2293601,2024-07-17,DWTX
67999cac0da2ccc8cae2eeab,0.2526,0.2575,0.2355,0.2450,578227,2024-07-16,DWTX
67999cac0da2ccc8cae2eeac,0.2590,0.2590,0.2350,0.2441,1224417,2024-07-15,DWTX
67999cac0da2ccc8cae2eead,0.2440,0.2620,0.2420,0.2500,825009,2024-07-12,DWTX
67999cac0da2ccc8cae2eeae,0.2493,0.2680,0.2450,0.2450,976044,2024-07-11,DWTX
67999cac0da2ccc8cae2eeaf,0.2801,0.2801,0.2408,0.2570,1535339,2024-07-10,DWTX
67999cac0da2ccc8cae2eeb0,0.2564,0.2779,0.2450,0.2610,1586661,2024-07-09,DWTX
67999cac0da2ccc8cae2eeb1,0.2310,0.2663,0.2253,0.2550,2773650,2024-07-08,DWTX
67999cac0da2ccc8cae2eeb2,0.2400,0.2499,0.2271,0.2311,487408,2024-07-05,DWTX
67999cac0da2ccc8cae2eeb3,0.2377,0.2540,0.2280,0.2401,745768,2024-07-03,DWTX
67999cac0da2ccc8cae2eeb4,0.2176,0.2376,0.2176,0.2340,650333,2024-07-02,DWTX
67999cac0da2ccc8cae2eeb5,0.2090,0.2400,0.2090,0.2220,636068,2024-07-01,DWTX
67999cac0da2ccc8cae2eeb6,0.2310,0.2400,0.2130,0.2150,938482,2024-06-28,DWTX
67999cac0da2ccc8cae2eeb7,0.2314,0.2412,0.2231,0.2342,601843,2024-06-27,DWTX
67999cac0da2ccc8cae2eeb8,0.2492,0.2492,0.2305,0.2386,599052,2024-06-26,DWTX
67999cac0da2ccc8cae2eeb9,0.2700,0.2702,0.2339,0.2492,649402,2024-06-25,DWTX
67999cac0da2ccc8cae2eeba,0.2700,0.2900,0.2505,0.2650,1116946,2024-06-24,DWTX
67999cac0da2ccc8cae2eebb,0.2600,0.2967,0.2412,0.2700,1593865,2024-06-21,DWTX
67999cac0da2ccc8cae2eebc,0.2501,0.2700,0.2355,0.2600,1296350,2024-06-20,DWTX
67999cac0da2ccc8cae2eebd,0.2499,0.2780,0.2255,0.2490,2421896,2024-06-18,DWTX
67999cac0da2ccc8cae2eebe,0.2311,0.2500,0.2206,0.2500,754324,2024-06-17,DWTX
67999cac0da2ccc8cae2eebf,0.2300,0.2582,0.2234,0.2382,1165836,2024-06-14,DWTX
67999cac0da2ccc8cae2eec0,0.2261,0.2320,0.2200,0.2320,391233,2024-06-13,DWTX
67999cac0da2ccc8cae2eec1,0.2300,0.2387,0.2205,0.2290,704158,2024-06-12,DWTX
67999cac0da2ccc8cae2eec2,0.2101,0.2300,0.2101,0.2236,634891,2024-06-11,DWTX
67999cac0da2ccc8cae2eec3,0.2320,0.2325,0.2095,0.2157,870089,2024-06-10,DWTX
67999cac0da2ccc8cae2eec4,0.2360,0.2397,0.2216,0.2280,922178,2024-06-07,DWTX
67999cac0da2ccc8cae2eec5,0.2159,0.2899,0.2105,0.2360,5577248,2024-06-06,DWTX
67999cac0da2ccc8cae2eec6,0.2270,0.3758,0.2129,0.2160,19924519,2024-06-05,DWTX
67999cac0da2ccc8cae2eec7,0.2210,0.2600,0.2170,0.2270,1516725,2024-06-04,DWTX
67999cac0da2ccc8cae2eec8,0.2203,0.2500,0.2100,0.2210,1369986,2024-06-03,DWTX
67999cac0da2ccc8cae2eec9,0.2171,0.2194,0.2035,0.2152,614772,2024-05-31,DWTX
67999cac0da2ccc8cae2eeca,0.2100,0.2390,0.2000,0.2072,792621,2024-05-30,DWTX
67999cac0da2ccc8cae2eecb,0.2273,0.2377,0.1950,0.2201,1904171,2024-05-29,DWTX
67999cac0da2ccc8cae2eecc,0.2000,0.2429,0.1950,0.2349,3680743,2024-05-28,DWTX
67999cac0da2ccc8cae2eecd,0.1740,0.2150,0.1731,0.2094,2456683,2024-05-24,DWTX
67999cac0da2ccc8cae2eece,0.2040,0.2049,0.1557,0.1790,2276631,2024-05-23,DWTX
67999cac0da2ccc8cae2eecf,0.1900,0.2050,0.1833,0.2036,963175,2024-05-22,DWTX
67999cac0da2ccc8cae2eed0,0.2000,0.2002,0.1820,0.1837,902232,2024-05-21,DWTX
67999cac0da2ccc8cae2eed1,0.1950,0.2100,0.1780,0.1970,5498840,2024-05-20,DWTX
67999cac0da2ccc8cae2eed2,0.4095,0.4095,0.3507,0.3514,907710,2024-05-17,DWTX
67999cac0da2ccc8cae2eed3,0.3922,0.4200,0.3702,0.3860,62933,2024-05-16,DWTX
67999cac0da2ccc8cae2eed4,0.3934,0.4366,0.3801,0.4065,165607,2024-05-15,DWTX
67999cac0da2ccc8cae2eed5,0.3585,0.3934,0.3456,0.3819,191903,2024-05-14,DWTX
67999cac0da2ccc8cae2eed6,0.3449,0.3898,0.3400,0.3541,89525,2024-05-13,DWTX
67999cac0da2ccc8cae2eed7,0.3670,0.3934,0.3350,0.3549,213396,2024-05-10,DWTX
67999cac0da2ccc8cae2eed8,0.4366,0.4366,0.3645,0.3726,400646,2024-05-09,DWTX
67999cac0da2ccc8cae2eed9,0.4238,0.4300,0.4050,0.4290,115592,2024-05-08,DWTX
67999cac0da2ccc8cae2eeda,0.4350,0.4609,0.4100,0.4130,56415,2024-05-07,DWTX
67999cac0da2ccc8cae2eedb,0.4280,0.4288,0.4020,0.4100,61534,2024-05-06,DWTX
67999cac0da2ccc8cae2eedc,0.4259,0.4339,0.4103,0.4115,67903,2024-05-03,DWTX
67999cac0da2ccc8cae2eedd,0.4450,0.4500,0.4011,0.4212,133910,2024-05-02,DWTX
67999cac0da2ccc8cae2eede,0.4310,0.4596,0.4295,0.4399,27150,2024-05-01,DWTX
67999cac0da2ccc8cae2eedf,0.4466,0.4598,0.4271,0.4520,37705,2024-04-30,DWTX
67999cac0da2ccc8cae2eee0,0.4550,0.4699,0.4500,0.4698,73584,2024-04-29,DWTX
67999cac0da2ccc8cae2eee1,0.4609,0.4749,0.4400,0.4695,40647,2024-04-26,DWTX
67999cac0da2ccc8cae2eee2,0.4378,0.4679,0.4301,0.4558,64289,2024-04-25,DWTX
67999cac0da2ccc8cae2eee3,0.4190,0.4747,0.4190,0.4252,200892,2024-04-24,DWTX
67999cac0da2ccc8cae2eee4,0.4299,0.4455,0.4150,0.4310,78947,2024-04-23,DWTX
67999cac0da2ccc8cae2eee5,0.4350,0.4454,0.4010,0.4257,72087,2024-04-22,DWTX
67999cac0da2ccc8cae2eee6,0.4590,0.4590,0.4354,0.4355,63468,2024-04-19,DWTX
67999cac0da2ccc8cae2eee7,0.4400,0.4500,0.4210,0.4499,62794,2024-04-18,DWTX
67999cac0da2ccc8cae2eee8,0.4639,0.4900,0.4500,0.4509,87126,2024-04-17,DWTX
67999cac0da2ccc8cae2eee9,0.4569,0.4922,0.4401,0.4520,167856,2024-04-16,DWTX
67999cac0da2ccc8cae2eeea,0.5041,0.5292,0.4700,0.4710,166327,2024-04-15,DWTX
67999cac0da2ccc8cae2eeeb,0.4631,0.5278,0.4631,0.5124,372229,2024-04-12,DWTX
67999cac0da2ccc8cae2eeec,0.4511,0.5099,0.4444,0.4799,39496,2024-04-11,DWTX
67999cac0da2ccc8cae2eeed,0.4600,0.4789,0.4400,0.4650,144548,2024-04-10,DWTX
67999cac0da2ccc8cae2eeee,0.4731,0.5199,0.4600,0.4644,179304,2024-04-09,DWTX
67999cac0da2ccc8cae2eeef,0.4699,0.4987,0.4330,0.4505,173579,2024-04-08,DWTX
67999cac0da2ccc8cae2eef0,0.4899,0.4899,0.4404,0.4580,234766,2024-04-05,DWTX
67999cac0da2ccc8cae2eef1,0.4970,0.5259,0.4800,0.4810,223965,2024-04-04,DWTX
67999cac0da2ccc8cae2eef2,0.5600,0.5694,0.4900,0.4920,138549,2024-04-03,DWTX
67999cac0da2ccc8cae2eef3,0.5800,0.5800,0.4951,0.5400,273997,2024-04-02,DWTX
67999cac0da2ccc8cae2eef4,0.4863,0.5800,0.4800,0.5800,695864,2024-04-01,DWTX
67999cac0da2ccc8cae2eef5,0.4900,0.5300,0.4200,0.4791,427759,2024-03-28,DWTX
67999cac0da2ccc8cae2eef6,0.4410,0.5077,0.4200,0.4837,276267,2024-03-27,DWTX
67999cac0da2ccc8cae2eef7,0.4905,0.5300,0.3602,0.4301,865497,2024-03-26,DWTX
67999cac0da2ccc8cae2eef8,0.4500,0.5821,0.4400,0.4698,1274017,2024-03-25,DWTX
67999cac0da2ccc8cae2eef9,0.3450,0.6288,0.3368,0.4574,5942484,2024-03-22,DWTX
67999cac0da2ccc8cae2eefa,0.3624,0.3779,0.3310,0.3317,328435,2024-03-21,DWTX
67999cac0da2ccc8cae2eefb,0.3532,0.3778,0.3300,0.3510,108221,2024-03-20,DWTX
67999cac0da2ccc8cae2eefc,0.3360,0.4050,0.3288,0.3540,477664,2024-03-19,DWTX
67999cac0da2ccc8cae2eefd,0.3121,0.3268,0.3121,0.3200,69498,2024-03-18,DWTX
67999cac0da2ccc8cae2eefe,0.3350,0.3350,0.3107,0.3180,87539,2024-03-15,DWTX
67999cac0da2ccc8cae2eeff,0.3230,0.3400,0.3144,0.3299,30088,2024-03-14,DWTX
67999cac0da2ccc8cae2ef00,0.3297,0.3400,0.3122,0.3140,240678,2024-03-13,DWTX
67999cac0da2ccc8cae2ef01,0.3500,0.3500,0.2900,0.3140,153531,2024-03-12,DWTX
67999cac0da2ccc8cae2ef02,0.3500,0.3690,0.3350,0.3690,121795,2024-03-11,DWTX
67999cac0da2ccc8cae2ef03,0.3651,0.3700,0.3601,0.3690,24591,2024-03-08,DWTX
67999cac0da2ccc8cae2ef04,0.3600,0.3800,0.3501,0.3800,95524,2024-03-07,DWTX
67999cac0da2ccc8cae2ef05,0.3490,0.3800,0.3200,0.3700,201268,2024-03-06,DWTX
67999cac0da2ccc8cae2ef06,0.3040,0.3500,0.2790,0.3320,676568,2024-03-05,DWTX
67999cac0da2ccc8cae2ef07,0.3487,0.3500,0.3118,0.3124,319383,2024-03-04,DWTX
67999cac0da2ccc8cae2ef08,0.3839,0.3840,0.3322,0.3417,279374,2024-03-01,DWTX
67999cac0da2ccc8cae2ef09,0.3900,0.3900,0.3575,0.3710,123778,2024-02-29,DWTX
67999cac0da2ccc8cae2ef0a,0.3780,0.3899,0.3600,0.3799,52417,2024-02-28,DWTX
67999cac0da2ccc8cae2ef0b,0.3700,0.3909,0.3520,0.3810,145035,2024-02-27,DWTX
67999cac0da2ccc8cae2ef0c,0.3450,0.3800,0.3450,0.3570,117560,2024-02-26,DWTX
67999cac0da2ccc8cae2ef0d,0.3886,0.3928,0.3040,0.3297,436865,2024-02-23,DWTX
67999cac0da2ccc8cae2ef0e,0.3862,0.3950,0.3700,0.3938,105658,2024-02-22,DWTX
67999cac0da2ccc8cae2ef0f,0.4171,0.4341,0.3747,0.3890,53412,2024-02-21,DWTX
67999cac0da2ccc8cae2ef10,0.3723,0.4530,0.3723,0.4300,245303,2024-02-20,DWTX
67999cac0da2ccc8cae2ef11,0.3816,0.3968,0.3687,0.3804,134440,2024-02-16,DWTX
67999cac0da2ccc8cae2ef12,0.3860,0.4008,0.3820,0.3860,68438,2024-02-15,DWTX
67999cac0da2ccc8cae2ef13,0.3920,0.3988,0.3800,0.3860,84004,2024-02-14,DWTX
67999cac0da2ccc8cae2ef14,0.4100,0.4100,0.3850,0.3920,93236,2024-02-13,DWTX
67999cac0da2ccc8cae2ef15,0.4590,0.4600,0.4177,0.4186,195045,2024-02-12,DWTX
67999cac0da2ccc8cae2ef16,0.4100,0.4401,0.4018,0.4192,154848,2024-02-09,DWTX
67999cac0da2ccc8cae2ef17,0.4099,0.4198,0.3700,0.4040,122892,2024-02-08,DWTX
67999cac0da2ccc8cae2ef18,0.3739,0.3999,0.3602,0.3894,73634,2024-02-07,DWTX
67999cac0da2ccc8cae2ef19,0.3531,0.3760,0.3531,0.3700,87425,2024-02-06,DWTX
67999cac0da2ccc8cae2ef1a,0.4036,0.4036,0.3316,0.3502,318078,2024-02-05,DWTX
67999cac0da2ccc8cae2ef1b,0.4200,0.4200,0.3900,0.4000,85280,2024-02-02,DWTX
67999cac0da2ccc8cae2ef1c,0.4300,0.4300,0.4051,0.4151,64871,2024-02-01,DWTX
67999cac0da2ccc8cae2ef1d,0.4100,0.4300,0.4051,0.4100,92204,2024-01-31,DWTX
67999cac0da2ccc8cae2ef1e,0.4000,0.4300,0.4000,0.4101,219312,2024-01-30,DWTX
67999cac0da2ccc8cae2ef1f,0.4400,0.4400,0.3900,0.4020,193505,2024-01-29,DWTX
67999cac0da2ccc8cae2ef20,0.4349,0.4450,0.4010,0.4100,169584,2024-01-26,DWTX
67999cac0da2ccc8cae2ef21,0.3850,0.4484,0.3800,0.4251,316807,2024-01-25,DWTX
67999cac0da2ccc8cae2ef22,0.4450,0.4500,0.3628,0.3871,832195,2024-01-24,DWTX
67999cac0da2ccc8cae2ef23,0.4822,0.4822,0.4202,0.4225,1070779,2024-01-23,DWTX
67999cac0da2ccc8cae2ef24,0.8400,0.8400,0.4484,0.4844,2927404,2024-01-22,DWTX
67999cac0da2ccc8cae2ef25,0.8500,0.8900,0.8100,0.8110,177140,2024-01-19,DWTX
67999cac0da2ccc8cae2ef26,0.8364,0.8400,0.8049,0.8305,130092,2024-01-18,DWTX
67999cac0da2ccc8cae2ef27,0.8400,0.8500,0.7700,0.8044,162580,2024-01-17,DWTX
67999cac0da2ccc8cae2ef28,0.7833,0.9400,0.7833,0.8400,308175,2024-01-16,DWTX
67999cac0da2ccc8cae2ef29,0.6800,0.7703,0.6650,0.7590,287023,2024-01-12,DWTX
67999cac0da2ccc8cae2ef2a,0.6682,0.7000,0.6515,0.6624,97822,2024-01-11,DWTX
67999cac0da2ccc8cae2ef2b,0.7000,0.7218,0.6501,0.6889,150347,2024-01-10,DWTX
67999cac0da2ccc8cae2ef2c,0.6000,0.7927,0.6000,0.6939,875799,2024-01-09,DWTX
67999cac0da2ccc8cae2ef2d,0.5556,0.6000,0.5390,0.5878,145255,2024-01-08,DWTX
67999cac0da2ccc8cae2ef2e,0.5310,0.5392,0.5170,0.5390,98451,2024-01-05,DWTX
67999cac0da2ccc8cae2ef2f,0.5526,0.5576,0.5340,0.5401,74974,2024-01-04,DWTX
67999cac0da2ccc8cae2ef30,0.5677,0.5700,0.5301,0.5339,261148,2024-01-03,DWTX
67999cac0da2ccc8cae2ef31,0.5700,0.5983,0.5375,0.5823,772135,2024-01-02,DWTX
67999cac0da2ccc8cae2ef32,0.5807,0.6000,0.5700,0.5750,76271,2023-12-29,DWTX
67999cac0da2ccc8cae2ef33,0.5747,0.6000,0.5747,0.5807,99601,2023-12-28,DWTX
67999cac0da2ccc8cae2ef34,0.5999,0.6000,0.5747,0.5981,79131,2023-12-27,DWTX
67999cac0da2ccc8cae2ef35,0.5610,0.6100,0.5610,0.5782,184379,2023-12-26,DWTX
67999cac0da2ccc8cae2ef36,0.5666,0.5969,0.5633,0.5969,58291,2023-12-22,DWTX
67999cac0da2ccc8cae2ef37,0.6000,0.6100,0.5570,0.5790,168472,2023-12-21,DWTX
67999cac0da2ccc8cae2ef38,0.6100,0.6288,0.5920,0.5980,98790,2023-12-20,DWTX
67999cac0da2ccc8cae2ef39,0.6500,0.6625,0.5949,0.6200,95586,2023-12-19,DWTX
67999cac0da2ccc8cae2ef3a,0.7000,0.7026,0.6115,0.6300,121052,2023-12-18,DWTX
67999cac0da2ccc8cae2ef3b,0.6700,0.7200,0.6620,0.6695,54743,2023-12-15,DWTX
67999cac0da2ccc8cae2ef3c,0.6900,0.7099,0.6330,0.6860,125172,2023-12-14,DWTX
67999cac0da2ccc8cae2ef3d,0.6309,0.7000,0.6178,0.6700,106299,2023-12-13,DWTX
67999cac0da2ccc8cae2ef3e,0.6210,0.6493,0.6099,0.6138,76342,2023-12-12,DWTX
67999cac0da2ccc8cae2ef3f,0.6800,0.6900,0.6150,0.6600,128703,2023-12-11,DWTX
67999cac0da2ccc8cae2ef40,0.6300,0.6910,0.6300,0.6800,49852,2023-12-08,DWTX
67999cac0da2ccc8cae2ef41,0.7000,0.7015,0.6301,0.6410,114086,2023-12-07,DWTX
67999cac0da2ccc8cae2ef42,0.7300,0.7304,0.6934,0.7165,59516,2023-12-06,DWTX
67999cac0da2ccc8cae2ef43,0.7390,0.7500,0.6901,0.7280,156159,2023-12-05,DWTX
67999cac0da2ccc8cae2ef44,0.5670,0.7500,0.5611,0.7380,573465,2023-12-04,DWTX
67999cac0da2ccc8cae2ef45,0.5417,0.5994,0.5417,0.5670,385464,2023-12-01,DWTX
67999cac0da2ccc8cae2ef46,0.5700,0.6000,0.5650,0.5690,94896,2023-11-30,DWTX
67999cac0da2ccc8cae2ef47,0.5700,0.6030,0.5650,0.5690,117471,2023-11-29,DWTX
67999cac0da2ccc8cae2ef48,0.6254,0.6254,0.5740,0.5771,83988,2023-11-28,DWTX
67999cac0da2ccc8cae2ef49,0.5870,0.6200,0.5540,0.5750,184546,2023-11-27,DWTX
67999cac0da2ccc8cae2ef4a,0.6800,0.6800,0.4700,0.6080,366737,2023-11-24,DWTX
67999cac0da2ccc8cae2ef4b,0.7371,0.7371,0.6510,0.6848,121227,2023-11-22,DWTX
67999cac0da2ccc8cae2ef4c,0.7100,0.7699,0.6700,0.6820,140291,2023-11-21,DWTX
67999cac0da2ccc8cae2ef4d,0.7168,0.7545,0.6900,0.7326,61380,2023-11-20,DWTX
67999cac0da2ccc8cae2ef4e,0.7210,0.7500,0.6800,0.7390,80971,2023-11-17,DWTX
67999cac0da2ccc8cae2ef4f,0.7500,0.8045,0.7200,0.7300,143241,2023-11-16,DWTX
67999cac0da2ccc8cae2ef50,0.6750,0.8120,0.6750,0.7344,262961,2023-11-15,DWTX
67999cac0da2ccc8cae2ef51,0.7000,0.7599,0.6730,0.7060,162846,2023-11-14,DWTX
67999cac0da2ccc8cae2ef52,0.8200,0.8350,0.6571,0.6933,300805,2023-11-13,DWTX
67999cac0da2ccc8cae2ef53,0.8100,1.0400,0.7700,0.7750,1244295,2023-11-10,DWTX
67999cac0da2ccc8cae2ef54,0.6986,0.7880,0.6949,0.7500,227911,2023-11-09,DWTX
67999cac0da2ccc8cae2ef55,0.6780,0.7399,0.6780,0.7052,75974,2023-11-08,DWTX
67999cac0da2ccc8cae2ef56,0.7497,0.7650,0.6810,0.6990,196644,2023-11-07,DWTX
67999cac0da2ccc8cae2ef57,0.6800,0.7938,0.6800,0.7650,384508,2023-11-06,DWTX
67999cac0da2ccc8cae2ef58,0.8000,0.8175,0.6700,0.7190,1144291,2023-11-03,DWTX
67999cac0da2ccc8cae2ef59,0.5467,0.9071,0.5467,0.8102,13091395,2023-11-02,DWTX
67999cac0da2ccc8cae2ef5a,0.5431,0.5500,0.4901,0.5154,92195,2023-11-01,DWTX
67999cac0da2ccc8cae2ef5b,0.4542,0.5823,0.4401,0.5500,308369,2023-10-31,DWTX
67999cac0da2ccc8cae2ef5c,0.4810,0.4810,0.4140,0.4582,165407,2023-10-30,DWTX
67999cac0da2ccc8cae2ef5d,0.5330,0.5400,0.4600,0.4641,168145,2023-10-27,DWTX
67999cac0da2ccc8cae2ef5e,0.5141,0.5380,0.4800,0.5152,45681,2023-10-26,DWTX
67999cac0da2ccc8cae2ef5f,0.5558,0.5800,0.5000,0.5150,173985,2023-10-25,DWTX
67999cac0da2ccc8cae2ef60,0.5500,0.6050,0.5116,0.5730,152406,2023-10-24,DWTX
67999cac0da2ccc8cae2ef61,0.6400,0.6490,0.5500,0.5651,166793,2023-10-23,DWTX
67999cac0da2ccc8cae2ef62,0.5742,0.6265,0.5740,0.6262,318051,2023-10-20,DWTX
67999cac0da2ccc8cae2ef63,0.7500,0.7690,0.6000,0.6160,543221,2023-10-19,DWTX
67999cac0da2ccc8cae2ef64,0.7851,0.8000,0.7020,0.7422,191752,2023-10-18,DWTX
67999cac0da2ccc8cae2ef65,0.8100,0.8188,0.7680,0.7680,93994,2023-10-17,DWTX
67999cac0da2ccc8cae2ef66,0.8000,0.8295,0.7860,0.8100,88417,2023-10-16,DWTX
67999cac0da2ccc8cae2ef67,0.7790,0.8140,0.7650,0.7950,56131,2023-10-13,DWTX
67999cac0da2ccc8cae2ef68,0.7782,0.8000,0.7510,0.7794,91805,2023-10-12,DWTX
67999cac0da2ccc8cae2ef69,0.8200,0.8200,0.7700,0.7760,108066,2023-10-11,DWTX
67999cac0da2ccc8cae2ef6a,0.8138,0.8300,0.7850,0.8025,211725,2023-10-10,DWTX
67999cac0da2ccc8cae2ef6b,0.8265,0.8400,0.7810,0.8390,64242,2023-10-09,DWTX
67999cac0da2ccc8cae2ef6c,0.7800,0.8529,0.7500,0.8112,187378,2023-10-06,DWTX
67999cac0da2ccc8cae2ef6d,0.8000,0.8328,0.7529,0.7652,244906,2023-10-05,DWTX
67999cac0da2ccc8cae2ef6e,0.8500,0.8871,0.7914,0.8200,188111,2023-10-04,DWTX
67999cac0da2ccc8cae2ef6f,0.9218,0.9218,0.8137,0.8458,216458,2023-10-03,DWTX
67999cac0da2ccc8cae2ef70,0.9000,0.9589,0.8079,0.9000,254696,2023-10-02,DWTX
67999cac0da2ccc8cae2ef71,0.9250,0.9399,0.8851,0.9248,127287,2023-09-29,DWTX
67999cac0da2ccc8cae2ef72,0.9300,0.9800,0.8818,0.9600,159252,2023-09-28,DWTX
67999cac0da2ccc8cae2ef73,0.9500,0.9900,0.9000,0.9200,91665,2023-09-27,DWTX
67999cac0da2ccc8cae2ef74,0.9390,0.9501,0.9110,0.9400,87193,2023-09-26,DWTX
67999cac0da2ccc8cae2ef75,0.9279,0.9817,0.9279,0.9381,93531,2023-09-25,DWTX
67999cac0da2ccc8cae2ef76,0.9756,0.9890,0.9251,0.9400,64979,2023-09-22,DWTX
67999cac0da2ccc8cae2ef77,1.0200,1.0200,0.9049,0.9400,200030,2023-09-21,DWTX
67999cac0da2ccc8cae2ef78,1.0500,1.0700,0.9600,1.0200,224352,2023-09-20,DWTX
67999cac0da2ccc8cae2ef79,0.9928,1.0700,0.9928,1.0700,183626,2023-09-19,DWTX
67999cac0da2ccc8cae2ef7a,1.0100,1.0768,1.0100,1.0200,243667,2023-09-18,DWTX
67999cac0da2ccc8cae2ef7b,1.0100,1.1000,0.9597,1.0400,423104,2023-09-15,DWTX
67999cac0da2ccc8cae2ef7c,0.8827,0.9896,0.8651,0.9800,157304,2023-09-14,DWTX
67999cac0da2ccc8cae2ef7d,0.9088,0.9499,0.8301,0.9100,323119,2023-09-13,DWTX
67999cac0da2ccc8cae2ef7e,0.9200,0.9700,0.8810,0.9200,325022,2023-09-12,DWTX
67999cac0da2ccc8cae2ef7f,1.0000,1.0001,0.9300,0.9502,316955,2023-09-11,DWTX
67999cac0da2ccc8cae2ef80,0.9940,1.0536,0.9900,0.9990,263980,2023-09-08,DWTX
67999cac0da2ccc8cae2ef81,1.0100,1.0500,0.9711,1.0200,132659,2023-09-07,DWTX
67999cac0da2ccc8cae2ef82,1.0800,1.0800,0.9700,1.0200,183621,2023-09-06,DWTX
67999cac0da2ccc8cae2ef83,1.1000,1.1400,1.0000,1.0300,390531,2023-09-05,DWTX
67999cac0da2ccc8cae2ef84,1.0900,1.1500,1.0900,1.1300,122488,2023-09-01,DWTX
67999cac0da2ccc8cae2ef85,1.2300,1.2500,1.0900,1.1000,144784,2023-08-31,DWTX
67999cac0da2ccc8cae2ef86,1.0300,1.2400,1.0300,1.2200,460032,2023-08-30,DWTX
67999cac0da2ccc8cae2ef87,1.0600,1.0800,1.0200,1.0300,256320,2023-08-29,DWTX
67999cac0da2ccc8cae2ef88,1.1500,1.1650,0.9700,1.0600,677105,2023-08-28,DWTX
67999cac0da2ccc8cae2ef89,1.2000,1.2100,1.1500,1.1800,194883,2023-08-25,DWTX
67999cac0da2ccc8cae2ef8a,1.2100,1.2200,1.1600,1.2100,264730,2023-08-24,DWTX
67999cac0da2ccc8cae2ef8b,1.2900,1.3200,1.2000,1.2000,373785,2023-08-23,DWTX
67999cac0da2ccc8cae2ef8c,1.2800,1.3688,1.2500,1.3400,480249,2023-08-22,DWTX
67999cac0da2ccc8cae2ef8d,1.2900,1.3700,1.2100,1.2800,629052,2023-08-21,DWTX
67999cac0da2ccc8cae2ef8e,1.2800,1.3200,1.2000,1.2500,689986,2023-08-18,DWTX
67999cac0da2ccc8cae2ef8f,1.0100,1.2722,0.9830,1.2000,1140110,2023-08-17,DWTX
67999cac0da2ccc8cae2ef90,0.9900,1.0500,0.9900,1.0200,299318,2023-08-16,DWTX
67999cac0da2ccc8cae2ef91,0.9900,1.1500,0.8800,1.0200,1141066,2023-08-15,DWTX
67999cac0da2ccc8cae2ef92,0.8800,1.1600,0.8800,1.0200,1838809,2023-08-14,DWTX
67999cac0da2ccc8cae2ef93,1.0200,1.0500,0.7916,0.8606,2084693,2023-08-11,DWTX
67999cac0da2ccc8cae2ef94,1.4700,1.4701,0.9000,1.0800,4210839,2023-08-10,DWTX
67999cac0da2ccc8cae2ef95,1.8200,1.8200,1.5300,1.5700,920546,2023-08-09,DWTX
67999cac0da2ccc8cae2ef96,1.6800,1.7600,1.6700,1.6900,257968,2023-08-08,DWTX
67999cac0da2ccc8cae2ef97,1.7900,1.8100,1.6300,1.6900,374182,2023-08-07,DWTX
67999cac0da2ccc8cae2ef98,1.7500,1.8502,1.7200,1.7800,197328,2023-08-04,DWTX
67999cac0da2ccc8cae2ef99,1.7500,1.8400,1.7401,1.7700,181605,2023-08-03,DWTX
67999cac0da2ccc8cae2ef9a,1.9000,1.9300,1.7400,1.7800,468905,2023-08-02,DWTX
67999cac0da2ccc8cae2ef9b,1.9000,1.9376,1.7500,1.8900,405174,2023-08-01,DWTX
67999cac0da2ccc8cae2ef9c,2.1000,2.1000,1.8900,1.9000,535770,2023-07-31,DWTX
67999cac0da2ccc8cae2ef9d,1.9500,2.0800,1.9301,2.0400,445469,2023-07-28,DWTX
67999cac0da2ccc8cae2ef9e,2.1700,2.1700,1.8800,1.9800,579852,2023-07-27,DWTX
67999cac0da2ccc8cae2ef9f,2.1700,2.1700,2.0200,2.1400,316155,2023-07-26,DWTX
67999cac0da2ccc8cae2efa0,2.1900,2.1900,2.1100,2.1500,293220,2023-07-25,DWTX
67999cac0da2ccc8cae2efa1,2.1300,2.1900,2.1100,2.1500,328766,2023-07-24,DWTX
67999cac0da2ccc8cae2efa2,2.1000,2.2000,1.9600,2.1350,745919,2023-07-21,DWTX
67999cac0da2ccc8cae2efa3,2.0600,2.0700,1.9900,2.0500,296563,2023-07-20,DWTX
67999cac0da2ccc8cae2efa4,2.0300,2.1000,1.9500,2.0800,660612,2023-07-19,DWTX
67999cac0da2ccc8cae2efa5,2.0400,2.1200,1.9300,1.9800,887978,2023-07-18,DWTX
67999cac0da2ccc8cae2efa6,2.2000,2.2400,1.7800,1.9300,2001940,2023-07-17,DWTX
67999cac0da2ccc8cae2efa7,2.1100,2.4200,2.0400,2.4200,2214265,2023-07-14,DWTX
67999cac0da2ccc8cae2efa8,1.9100,2.0499,1.9100,1.9900,530598,2023-07-13,DWTX
67999cac0da2ccc8cae2efa9,1.9100,1.9800,1.7698,1.9100,743905,2023-07-12,DWTX
67999cac0da2ccc8cae2efaa,1.5900,1.9198,1.5650,1.8000,1782033,2023-07-11,DWTX
67999cac0da2ccc8cae2efab,1.4500,1.5600,1.4400,1.5200,309274,2023-07-10,DWTX
67999cac0da2ccc8cae2efac,1.4000,1.4900,1.3901,1.4500,330216,2023-07-07,DWTX
67999cac0da2ccc8cae2efad,1.3000,1.4500,1.2300,1.4400,736007,2023-07-06,DWTX
67999cac0da2ccc8cae2efae,1.3800,1.3800,1.3000,1.3000,347839,2023-07-05,DWTX
67999cac0da2ccc8cae2efaf,1.4200,1.4600,1.3500,1.3600,271818,2023-07-03,DWTX
67999cac0da2ccc8cae2efb0,1.3300,1.5200,1.3300,1.3800,517447,2023-06-30,DWTX
67999cac0da2ccc8cae2efb1,1.3100,1.3400,1.1300,1.3200,1176628,2023-06-29,DWTX
67999cac0da2ccc8cae2efb2,1.4400,1.4499,1.3000,1.3100,520438,2023-06-28,DWTX
67999cac0da2ccc8cae2efb3,1.5500,1.6000,1.4000,1.4100,488873,2023-06-27,DWTX
67999cac0da2ccc8cae2efb4,1.4000,1.5900,1.2754,1.5600,869936,2023-06-26,DWTX
67999cac0da2ccc8cae2efb5,1.7200,1.7200,1.3500,1.3700,1105722,2023-06-23,DWTX
67999cac0da2ccc8cae2efb6,1.7900,1.8400,1.5500,1.6700,895148,2023-06-22,DWTX
67999cac0da2ccc8cae2efb7,1.8100,1.9000,1.7900,1.7900,310599,2023-06-21,DWTX
67999cac0da2ccc8cae2efb8,1.9400,2.0200,1.7800,1.8400,744876,2023-06-20,DWTX
67999cac0da2ccc8cae2efb9,1.9400,2.1300,1.8600,1.9200,1250262,2023-06-16,DWTX
67999cac0da2ccc8cae2efba,1.9300,1.9599,1.8320,1.8500,398554,2023-06-15,DWTX
67999cac0da2ccc8cae2efbb,1.9100,2.0900,1.8800,1.9400,1068520,2023-06-14,DWTX
67999cac0da2ccc8cae2efbc,1.7300,1.8750,1.7001,1.8500,607926,2023-06-13,DWTX
67999cac0da2ccc8cae2efbd,1.7400,1.7700,1.6600,1.7200,434580,2023-06-12,DWTX
67999cac0da2ccc8cae2efbe,1.7200,1.7700,1.6600,1.6800,476202,2023-06-09,DWTX
67999cac0da2ccc8cae2efbf,1.6000,1.7000,1.5700,1.6700,481785,2023-06-08,DWTX
67999cac0da2ccc8cae2efc0,1.6100,1.6100,1.5300,1.5500,316613,2023-06-07,DWTX
67999cac0da2ccc8cae2efc1,1.6800,1.6900,1.5100,1.5700,608723,2023-06-06,DWTX
67999cac0da2ccc8cae2efc2,1.5000,1.6800,1.4600,1.6600,736842,2023-06-05,DWTX
67999cac0da2ccc8cae2efc3,1.6400,1.6400,1.4100,1.4900,898248,2023-06-02,DWTX
67999cac0da2ccc8cae2efc4,1.7700,1.7700,1.5300,1.6400,804371,2023-06-01,DWTX
67999cac0da2ccc8cae2efc5,1.6100,1.8100,1.6100,1.7200,836262,2023-05-31,DWTX
67999cac0da2ccc8cae2efc6,1.5000,1.7899,1.4400,1.6600,2149188,2023-05-30,DWTX
67999cac0da2ccc8cae2efc7,1.2300,1.4800,1.2300,1.4400,1463641,2023-05-26,DWTX
67999cac0da2ccc8cae2efc8,1.3400,1.4400,1.2000,1.2100,1240861,2023-05-25,DWTX
67999cac0da2ccc8cae2efc9,1.3000,1.4400,1.2900,1.3400,1694514,2023-05-24,DWTX
67999cac0da2ccc8cae2efca,1.1000,1.2800,1.1000,1.2300,1305691,2023-05-23,DWTX
67999cac0da2ccc8cae2efcb,1.1300,1.1400,1.0973,1.1100,462798,2023-05-22,DWTX
67999cac0da2ccc8cae2efcc,1.1200,1.1400,1.0900,1.1000,416268,2023-05-19,DWTX
67999cac0da2ccc8cae2efcd,1.0400,1.1200,1.0400,1.1000,639629,2023-05-18,DWTX
67999cac0da2ccc8cae2efce,1.0300,1.0500,1.0000,1.0400,346900,2023-05-17,DWTX
67999cac0da2ccc8cae2efcf,1.0000,1.0300,0.9500,1.0300,722198,2023-05-16,DWTX
67999cac0da2ccc8cae2efd0,1.0900,1.1453,1.0100,1.0300,918670,2023-05-15,DWTX
67999cac0da2ccc8cae2efd1,1.0700,1.1000,1.0000,1.0700,642780,2023-05-12,DWTX
67999cac0da2ccc8cae2efd2,1.0300,1.1000,0.9500,1.0700,1759198,2023-05-11,DWTX
67999cac0da2ccc8cae2efd3,1.0200,1.2200,1.0100,1.1500,2379308,2023-05-10,DWTX
67999cac0da2ccc8cae2efd4,0.9800,1.0100,0.9430,0.9855,559538,2023-05-09,DWTX
67999cac0da2ccc8cae2efd5,0.9900,1.0200,0.8850,0.9150,1037718,2023-05-08,DWTX
67999cac0da2ccc8cae2efd6,1.0200,1.0500,0.9620,1.0100,656573,2023-05-05,DWTX
67999cac0da2ccc8cae2efd7,1.0600,1.0600,0.9300,1.0200,1293446,2023-05-04,DWTX
67999cac0da2ccc8cae2efd8,0.8600,0.9699,0.8400,0.9294,1126628,2023-05-03,DWTX
67999cac0da2ccc8cae2efd9,0.8298,0.8541,0.7636,0.8300,623786,2023-05-02,DWTX
67999cac0da2ccc8cae2efda,0.7044,0.8240,0.6920,0.8240,1054555,2023-05-01,DWTX
67999cac0da2ccc8cae2efdb,0.8250,0.8400,0.7200,0.7300,1698282,2023-04-28,DWTX
67999cac0da2ccc8cae2efdc,0.8400,0.8970,0.7900,0.8700,1857476,2023-04-27,DWTX
67999cac0da2ccc8cae2efdd,0.9300,0.9990,0.6851,0.7753,5404638,2023-04-26,DWTX
67999cac0da2ccc8cae2efde,1.2000,1.4400,0.7720,0.9700,111872576,2023-04-25,DWTX
67999cac0da2ccc8cae2efdf,0.6980,0.6980,0.6110,0.6253,4049433,2023-04-24,DWTX
67999cac0da2ccc8cae2efe0,0.6950,0.7380,0.6560,0.6799,524240,2023-04-21,DWTX
67999cac0da2ccc8cae2efe1,0.7100,0.7800,0.6700,0.6850,789513,2023-04-20,DWTX
67999cac0da2ccc8cae2efe2,0.6100,0.7050,0.6000,0.6870,1079924,2023-04-19,DWTX
67999cac0da2ccc8cae2efe3,0.6520,0.6600,0.6100,0.6155,870215,2023-04-18,DWTX
67999cac0da2ccc8cae2efe4,0.7100,0.7100,0.6110,0.6520,1030640,2023-04-17,DWTX
67999cac0da2ccc8cae2efe5,0.6000,0.7384,0.5850,0.6800,1738422,2023-04-14,DWTX
67999cac0da2ccc8cae2efe6,0.5830,0.6840,0.5700,0.6026,1790953,2023-04-13,DWTX
67999cac0da2ccc8cae2efe7,0.5500,0.5700,0.5041,0.5655,1354483,2023-04-12,DWTX
67999cac0da2ccc8cae2efe8,0.5471,0.6200,0.5000,0.5300,1302537,2023-04-11,DWTX
67999cac0da2ccc8cae2efe9,0.4469,0.6240,0.4300,0.5470,5929573,2023-04-10,DWTX
67999cac0da2ccc8cae2efea,0.4050,0.4400,0.3951,0.4160,809745,2023-04-06,DWTX
67999cac0da2ccc8cae2efeb,0.3588,0.4174,0.3520,0.3955,954767,2023-04-05,DWTX
67999cac0da2ccc8cae2efec,0.3502,0.3900,0.3400,0.3455,146602,2023-04-04,DWTX
67999cac0da2ccc8cae2efed,0.3565,0.4215,0.3012,0.3610,927232,2023-04-03,DWTX
67999cac0da2ccc8cae2efee,0.3627,0.3840,0.3500,0.3675,416092,2023-03-31,DWTX
67999cac0da2ccc8cae2efef,0.3753,0.3999,0.2801,0.3500,908567,2023-03-30,DWTX
67999cac0da2ccc8cae2eff0,0.4100,0.4108,0.3607,0.3725,698649,2023-03-29,DWTX
67999cac0da2ccc8cae2eff1,0.4100,0.4100,0.3500,0.3904,630800,2023-03-28,DWTX
67999cac0da2ccc8cae2eff2,0.4179,0.4200,0.3800,0.3851,1587616,2023-03-27,DWTX
67999cac0da2ccc8cae2eff3,0.3130,0.4800,0.3000,0.4450,7209137,2023-03-24,DWTX
67999cac0da2ccc8cae2eff4,0.2900,0.3240,0.2750,0.3100,561110,2023-03-23,DWTX
67999cac0da2ccc8cae2eff5,0.3097,0.3098,0.2810,0.2860,151047,2023-03-22,DWTX
67999cac0da2ccc8cae2eff6,0.3014,0.3100,0.2976,0.3011,42960,2023-03-21,DWTX
67999cac0da2ccc8cae2eff7,0.3165,0.3300,0.2950,0.3013,284561,2023-03-20,DWTX
67999cac0da2ccc8cae2eff8,0.2960,0.3135,0.2912,0.3062,196347,2023-03-17,DWTX
67999cac0da2ccc8cae2eff9,0.3049,0.3100,0.2909,0.3033,552411,2023-03-16,DWTX
67999cac0da2ccc8cae2effa,0.3193,0.3200,0.3000,0.3033,186507,2023-03-15,DWTX
67999cac0da2ccc8cae2effb,0.3439,0.3439,0.2900,0.3170,455794,2023-03-14,DWTX
67999cac0da2ccc8cae2effc,0.3264,0.3312,0.3056,0.3198,627396,2023-03-13,DWTX
67999cac0da2ccc8cae2effd,0.3300,0.3399,0.3167,0.3270,270425,2023-03-10,DWTX
67999cac0da2ccc8cae2effe,0.3560,0.3600,0.3400,0.3401,270924,2023-03-09,DWTX
67999cac0da2ccc8cae2efff,0.3400,0.3736,0.3338,0.3600,316744,2023-03-08,DWTX
67999cac0da2ccc8cae2f000,0.3900,0.4101,0.3275,0.3470,1374101,2023-03-07,DWTX
67999cac0da2ccc8cae2f001,0.3250,0.4844,0.3047,0.4050,1534165,2023-03-06,DWTX
67999cac0da2ccc8cae2f002,0.3200,0.3250,0.3147,0.3188,104543,2023-03-03,DWTX
67999cac0da2ccc8cae2f003,0.3073,0.3200,0.3025,0.3147,249702,2023-03-02,DWTX
67999cac0da2ccc8cae2f004,0.3000,0.3250,0.3000,0.3073,74742,2023-03-01,DWTX
67999cac0da2ccc8cae2f005,0.3069,0.3248,0.3000,0.3000,150623,2023-02-28,DWTX
67999cac0da2ccc8cae2f006,0.3150,0.3250,0.3000,0.3068,128391,2023-02-27,DWTX
67999cac0da2ccc8cae2f007,0.3298,0.3298,0.3101,0.3101,215007,2023-02-24,DWTX
67999cac0da2ccc8cae2f008,0.3250,0.3300,0.3151,0.3200,284865,2023-02-23,DWTX
67999cac0da2ccc8cae2f009,0.3500,0.3540,0.3210,0.3210,145903,2023-02-22,DWTX
67999cac0da2ccc8cae2f00a,0.3550,0.3550,0.3303,0.3351,262619,2023-02-21,DWTX
67999cac0da2ccc8cae2f00b,0.3500,0.3738,0.3402,0.3529,440827,2023-02-17,DWTX
67999cac0da2ccc8cae2f00c,0.3454,0.3779,0.3401,0.3486,1243541,2023-02-16,DWTX
67999cac0da2ccc8cae2f00d,0.3183,0.3500,0.3095,0.3379,554767,2023-02-15,DWTX
67999cac0da2ccc8cae2f00e,0.3200,0.3200,0.3000,0.3032,302138,2023-02-14,DWTX
67999cac0da2ccc8cae2f00f,0.3160,0.3314,0.3120,0.3128,191777,2023-02-13,DWTX
67999cac0da2ccc8cae2f010,0.3307,0.3350,0.3151,0.3200,92912,2023-02-10,DWTX
67999cac0da2ccc8cae2f011,0.3501,0.3501,0.3128,0.3150,245299,2023-02-09,DWTX
67999cac0da2ccc8cae2f012,0.3500,0.3550,0.3262,0.3302,213819,2023-02-08,DWTX
67999cac0da2ccc8cae2f013,0.3400,0.3780,0.3313,0.3566,754654,2023-02-07,DWTX
67999cac0da2ccc8cae2f014,0.3300,0.3546,0.3256,0.3351,328614,2023-02-06,DWTX
67999cac0da2ccc8cae2f015,0.3300,0.3450,0.3300,0.3300,238275,2023-02-03,DWTX
67999cac0da2ccc8cae2f016,0.3205,0.3385,0.3205,0.3256,357750,2023-02-02,DWTX
67999cac0da2ccc8cae2f017,0.3150,0.3400,0.3000,0.3204,518740,2023-02-01,DWTX
67999cac0da2ccc8cae2f018,0.3192,0.3200,0.2900,0.3086,306214,2023-01-31,DWTX
67999cac0da2ccc8cae2f019,0.3378,0.3378,0.3020,0.3200,172594,2023-01-30,DWTX
67999cac0da2ccc8cae2f01a,0.3400,0.3400,0.3102,0.3250,240375,2023-01-27,DWTX
67999cac0da2ccc8cae2f01b,0.3217,0.3380,0.3000,0.3150,391090,2023-01-26,DWTX
67999cac0da2ccc8cae2f01c,0.3400,0.3440,0.3200,0.3290,251579,2023-01-25,DWTX
67999cac0da2ccc8cae2f01d,0.3100,0.3500,0.3025,0.3308,666234,2023-01-24,DWTX
67999cac0da2ccc8cae2f01e,0.2950,0.3200,0.2812,0.3025,373726,2023-01-23,DWTX
67999cac0da2ccc8cae2f01f,0.3100,0.3100,0.2880,0.2915,155450,2023-01-20,DWTX
67999cac0da2ccc8cae2f020,0.2940,0.3048,0.2688,0.2944,282968,2023-01-19,DWTX
67999cac0da2ccc8cae2f021,0.3100,0.3150,0.2802,0.2940,372048,2023-01-18,DWTX
67999cac0da2ccc8cae2f022,0.2889,0.3176,0.2802,0.3052,447709,2023-01-17,DWTX
67999cac0da2ccc8cae2f023,0.2615,0.2950,0.2615,0.2770,628691,2023-01-13,DWTX
67999cac0da2ccc8cae2f024,0.2700,0.2880,0.2600,0.2650,372585,2023-01-12,DWTX
67999cac0da2ccc8cae2f025,0.2520,0.2749,0.2520,0.2700,266004,2023-01-11,DWTX
67999cac0da2ccc8cae2f026,0.2500,0.2649,0.2411,0.2531,215588,2023-01-10,DWTX
67999cac0da2ccc8cae2f027,0.2611,0.2650,0.2305,0.2521,220971,2023-01-09,DWTX
67999cac0da2ccc8cae2f028,0.2620,0.2796,0.2600,0.2650,405209,2023-01-06,DWTX
67999cac0da2ccc8cae2f029,0.2674,0.3299,0.2505,0.2750,2711154,2023-01-05,DWTX
67999cac0da2ccc8cae2f02a,0.2500,0.2500,0.2401,0.2479,136938,2023-01-04,DWTX
67999cac0da2ccc8cae2f02b,0.2360,0.2456,0.2220,0.2394,266920,2023-01-03,DWTX
67999cac0da2ccc8cae2f02c,0.2400,0.2500,0.2350,0.2360,92793,2022-12-30,DWTX
67999cac0da2ccc8cae2f02d,0.2340,0.2449,0.2325,0.2399,91888,2022-12-29,DWTX
67999cac0da2ccc8cae2f02e,0.2339,0.2484,0.2190,0.2388,175236,2022-12-28,DWTX
67999cac0da2ccc8cae2f02f,0.2624,0.2624,0.2222,0.2366,201450,2022-12-27,DWTX
67999cac0da2ccc8cae2f030,0.2800,0.2800,0.2501,0.2624,254722,2022-12-23,DWTX
67999cac0da2ccc8cae2f031,0.2452,0.2649,0.2452,0.2486,694546,2022-12-22,DWTX
67999cac0da2ccc8cae2f032,0.2578,0.2600,0.2410,0.2450,137079,2022-12-21,DWTX
67999cac0da2ccc8cae2f033,0.2600,0.2600,0.2359,0.2483,147096,2022-12-20,DWTX
67999cac0da2ccc8cae2f034,0.2540,0.2878,0.2303,0.2500,381109,2022-12-19,DWTX
67999cac0da2ccc8cae2f035,0.2654,0.2660,0.2450,0.2475,274049,2022-12-16,DWTX
67999cac0da2ccc8cae2f036,0.2400,0.2660,0.2400,0.2600,217928,2022-12-15,DWTX
67999cac0da2ccc8cae2f037,0.2550,0.2600,0.2451,0.2562,110047,2022-12-14,DWTX
67999cac0da2ccc8cae2f038,0.2791,0.2900,0.2400,0.2522,371274,2022-12-13,DWTX
67999cac0da2ccc8cae2f039,0.2656,0.3240,0.2475,0.2789,1045981,2022-12-12,DWTX
67999cac0da2ccc8cae2f03a,0.2610,0.2700,0.2500,0.2510,131974,2022-12-09,DWTX
67999cac0da2ccc8cae2f03b,0.2522,0.2777,0.2522,0.2698,94132,2022-12-08,DWTX
67999cac0da2ccc8cae2f03c,0.2800,0.2800,0.2510,0.2600,315805,2022-12-07,DWTX
67999cac0da2ccc8cae2f03d,0.2999,0.3050,0.2710,0.2846,567445,2022-12-06,DWTX
67999cac0da2ccc8cae2f03e,0.3090,0.3090,0.2850,0.2893,74353,2022-12-05,DWTX
67999cac0da2ccc8cae2f03f,0.3000,0.3267,0.2941,0.2996,293474,2022-12-02,DWTX
67999cac0da2ccc8cae2f040,0.2900,0.3000,0.2900,0.3000,176892,2022-12-01,DWTX
67999cac0da2ccc8cae2f041,0.3000,0.3050,0.2860,0.2900,320578,2022-11-30,DWTX
67999cac0da2ccc8cae2f042,0.2990,0.3070,0.2800,0.2900,353318,2022-11-29,DWTX
67999cac0da2ccc8cae2f043,0.3101,0.3140,0.2901,0.2990,110634,2022-11-28,DWTX
67999cac0da2ccc8cae2f044,0.3050,0.3140,0.2936,0.3120,80177,2022-11-25,DWTX
67999cac0da2ccc8cae2f045,0.3100,0.3150,0.2980,0.3117,137858,2022-11-23,DWTX
67999cac0da2ccc8cae2f046,0.3126,0.3200,0.2951,0.3027,183019,2022-11-22,DWTX
67999cac0da2ccc8cae2f047,0.3154,0.3267,0.3002,0.3138,82905,2022-11-21,DWTX
67999cac0da2ccc8cae2f048,0.3001,0.3200,0.3001,0.3129,47375,2022-11-18,DWTX
67999cac0da2ccc8cae2f049,0.3090,0.3200,0.3000,0.3150,93527,2022-11-17,DWTX
67999cac0da2ccc8cae2f04a,0.3072,0.3246,0.2810,0.3100,150594,2022-11-16,DWTX
67999cac0da2ccc8cae2f04b,0.3250,0.3271,0.3100,0.3100,143458,2022-11-15,DWTX
67999cac0da2ccc8cae2f04c,0.3500,0.3599,0.3101,0.3222,217840,2022-11-14,DWTX
67999cac0da2ccc8cae2f04d,0.3300,0.3978,0.3210,0.3600,343823,2022-11-11,DWTX
67999cac0da2ccc8cae2f04e,0.3200,0.3399,0.3200,0.3315,61863,2022-11-10,DWTX
67999cac0da2ccc8cae2f04f,0.3300,0.3469,0.3100,0.3198,173197,2022-11-09,DWTX
67999cac0da2ccc8cae2f050,0.3413,0.3499,0.3300,0.3325,306464,2022-11-08,DWTX
67999cac0da2ccc8cae2f051,0.3492,0.3591,0.3200,0.3380,499596,2022-11-07,DWTX
67999cac0da2ccc8cae2f052,0.3130,0.3295,0.3000,0.3230,255717,2022-11-04,DWTX
67999cac0da2ccc8cae2f053,0.2950,0.3130,0.2930,0.3094,275186,2022-11-03,DWTX
67999cac0da2ccc8cae2f054,0.3100,0.3100,0.2950,0.2995,354157,2022-11-02,DWTX
67999cac0da2ccc8cae2f055,0.2778,0.3002,0.2751,0.2926,430407,2022-11-01,DWTX
67999cac0da2ccc8cae2f056,0.2769,0.2869,0.2579,0.2750,242404,2022-10-31,DWTX
67999cac0da2ccc8cae2f057,0.2850,0.2875,0.2732,0.2750,231582,2022-10-28,DWTX
67999cac0da2ccc8cae2f058,0.2896,0.2897,0.2700,0.2850,248808,2022-10-27,DWTX
67999cac0da2ccc8cae2f059,0.2750,0.2999,0.2730,0.2899,340207,2022-10-26,DWTX
67999cac0da2ccc8cae2f05a,0.2850,0.3031,0.2750,0.2800,510458,2022-10-25,DWTX
67999cac0da2ccc8cae2f05b,0.2988,0.3046,0.2873,0.2900,514547,2022-10-24,DWTX
67999cac0da2ccc8cae2f05c,0.3090,0.3183,0.3000,0.3080,197433,2022-10-21,DWTX
67999cac0da2ccc8cae2f05d,0.3114,0.3299,0.3100,0.3119,171223,2022-10-20,DWTX
67999cac0da2ccc8cae2f05e,0.3251,0.3280,0.2908,0.3114,432868,2022-10-19,DWTX
67999cac0da2ccc8cae2f05f,0.3519,0.3599,0.2777,0.3281,456141,2022-10-18,DWTX
67999cac0da2ccc8cae2f060,0.3600,0.3600,0.3400,0.3518,110534,2022-10-17,DWTX
67999cac0da2ccc8cae2f061,0.3600,0.3600,0.3485,0.3570,272468,2022-10-14,DWTX
67999cac0da2ccc8cae2f062,0.3400,0.3674,0.3250,0.3483,351727,2022-10-13,DWTX
67999cac0da2ccc8cae2f063,0.3422,0.3500,0.3401,0.3450,178340,2022-10-12,DWTX
67999cac0da2ccc8cae2f064,0.3310,0.3582,0.3310,0.3420,226518,2022-10-11,DWTX
67999cac0da2ccc8cae2f065,0.3519,0.3696,0.3250,0.3395,399998,2022-10-10,DWTX
67999cac0da2ccc8cae2f066,0.3590,0.3850,0.3454,0.3575,557406,2022-10-07,DWTX
67999cac0da2ccc8cae2f067,0.3950,0.3950,0.3700,0.3720,451081,2022-10-06,DWTX
67999cac0da2ccc8cae2f068,0.4000,0.4000,0.3700,0.3799,461440,2022-10-05,DWTX
67999cac0da2ccc8cae2f069,0.3860,0.4148,0.3860,0.3918,700636,2022-10-04,DWTX
67999cac0da2ccc8cae2f06a,0.3799,0.3899,0.3610,0.3860,611490,2022-10-03,DWTX
67999cac0da2ccc8cae2f06b,0.3650,0.3805,0.3408,0.3805,627456,2022-09-30,DWTX
67999cac0da2ccc8cae2f06c,0.4000,0.4000,0.3623,0.3663,557992,2022-09-29,DWTX
67999cac0da2ccc8cae2f06d,0.3898,0.4100,0.3801,0.3986,635884,2022-09-28,DWTX
67999cac0da2ccc8cae2f06e,0.3610,0.3980,0.3610,0.3913,823438,2022-09-27,DWTX
67999cac0da2ccc8cae2f06f,0.4190,0.4399,0.3850,0.3876,1253427,2022-09-26,DWTX
67999cac0da2ccc8cae2f070,0.4550,0.4550,0.4100,0.4280,1837083,2022-09-23,DWTX
67999cac0da2ccc8cae2f071,0.4750,0.4750,0.4425,0.4550,2121699,2022-09-22,DWTX
67999cac0da2ccc8cae2f072,0.5100,0.5100,0.4351,0.4800,4930687,2022-09-21,DWTX
67999cac0da2ccc8cae2f073,0.5200,0.5400,0.4750,0.4900,17407373,2022-09-20,DWTX
67999cac0da2ccc8cae2f074,3.1500,3.1500,1.9200,2.0000,3373550,2022-09-19,DWTX
67999cac0da2ccc8cae2f075,8.1700,8.8300,7.7600,8.7700,131242,2022-09-16,DWTX
67999cac0da2ccc8cae2f076,7.7000,7.8652,7.3700,7.7600,22371,2022-09-15,DWTX
67999cac0da2ccc8cae2f077,8.3500,8.3500,7.1900,7.5100,49545,2022-09-14,DWTX
67999cac0da2ccc8cae2f078,7.9200,8.1380,7.5601,7.9800,27013,2022-09-13,DWTX
67999cac0da2ccc8cae2f079,7.2300,7.8699,7.2100,7.7000,27184,2022-09-12,DWTX
67999cac0da2ccc8cae2f07a,7.3400,7.3400,6.9901,7.1500,9488,2022-09-09,DWTX
67999cac0da2ccc8cae2f07b,7.0700,7.1599,6.9000,7.0828,12694,2022-09-08,DWTX
67999cac0da2ccc8cae2f07c,6.7800,7.3052,6.7800,6.9500,4929,2022-09-07,DWTX
67999cac0da2ccc8cae2f07d,7.2500,7.3578,6.7800,6.9635,16914,2022-09-06,DWTX
67999cac0da2ccc8cae2f07e,6.8601,7.0384,6.8600,6.9850,12838,2022-09-02,DWTX
67999cac0da2ccc8cae2f07f,7.0650,7.0650,7.0650,7.0650,692,2022-09-01,DWTX
67999cac0da2ccc8cae2f080,7.2500,7.4800,7.0650,7.0650,7036,2022-08-31,DWTX
67999cac0da2ccc8cae2f081,6.8500,7.1967,6.8500,7.1967,11144,2022-08-30,DWTX
67999cac0da2ccc8cae2f082,6.8300,7.4800,6.8300,6.9500,20522,2022-08-29,DWTX
67999cac0da2ccc8cae2f083,6.5000,7.4900,6.5000,6.9900,70688,2022-08-26,DWTX
67999cac0da2ccc8cae2f084,6.1800,6.7350,6.1800,6.4100,32740,2022-08-25,DWTX
67999cac0da2ccc8cae2f085,6.3200,6.4100,6.1697,6.3500,6334,2022-08-24,DWTX
67999cac0da2ccc8cae2f086,6.4600,6.5300,6.1200,6.4400,12069,2022-08-23,DWTX
67999cac0da2ccc8cae2f087,6.0900,6.5200,6.0900,6.4600,18795,2022-08-22,DWTX
67999cac0da2ccc8cae2f088,6.3800,6.3800,6.1000,6.2400,10134,2022-08-19,DWTX
67999cac0da2ccc8cae2f089,6.1000,6.6500,5.9961,6.1500,53548,2022-08-18,DWTX
67999cac0da2ccc8cae2f08a,6.0600,6.4500,5.6617,5.9800,101372,2022-08-17,DWTX
67999cac0da2ccc8cae2f08b,8.2600,8.2600,6.6501,6.7100,76173,2022-08-16,DWTX
67999cac0da2ccc8cae2f08c,8.7500,9.1109,8.3800,8.3800,77146,2022-08-15,DWTX
67999cac0da2ccc8cae2f08d,7.7500,8.8599,7.5100,8.7000,139936,2022-08-12,DWTX
67999cac0da2ccc8cae2f08e,7.2800,7.9499,7.1900,7.6900,112538,2022-08-11,DWTX
67999cac0da2ccc8cae2f08f,7.0291,7.1899,6.9400,7.0908,49260,2022-08-10,DWTX
67999cac0da2ccc8cae2f090,7.1600,7.1933,6.9200,7.0700,16061,2022-08-09,DWTX
67999cac0da2ccc8cae2f091,7.1000,7.2000,6.9100,7.1100,25046,2022-08-08,DWTX
67999cac0da2ccc8cae2f092,7.1000,7.1100,6.8601,6.9119,10566,2022-08-05,DWTX
67999cac0da2ccc8cae2f093,6.8128,7.0200,6.8100,7.0000,8686,2022-08-04,DWTX
67999cac0da2ccc8cae2f094,6.8700,7.0000,6.8000,6.9500,11771,2022-08-03,DWTX
67999cac0da2ccc8cae2f095,7.0000,7.0500,6.8100,7.0000,20978,2022-08-02,DWTX
67999cac0da2ccc8cae2f096,6.9900,7.0600,6.7868,7.0600,7745,2022-08-01,DWTX
67999cac0da2ccc8cae2f097,6.7800,7.0338,6.7800,7.0000,15261,2022-07-29,DWTX
67999cac0da2ccc8cae2f098,6.6000,7.0000,6.6000,6.8200,10909,2022-07-28,DWTX
67999cac0da2ccc8cae2f099,7.0000,7.1099,6.8987,7.0495,6362,2022-07-27,DWTX
67999cac0da2ccc8cae2f09a,7.2600,7.3000,6.9400,7.0900,32393,2022-07-26,DWTX
67999cac0da2ccc8cae2f09b,6.8900,7.2500,6.8000,7.2100,27979,2022-07-25,DWTX
67999cac0da2ccc8cae2f09c,6.8900,6.8900,6.5200,6.7900,10296,2022-07-22,DWTX
67999cac0da2ccc8cae2f09d,6.6300,6.9900,6.5600,6.7500,15304,2022-07-21,DWTX
67999cac0da2ccc8cae2f09e,6.5200,6.6000,6.5000,6.5500,8900,2022-07-20,DWTX
67999cac0da2ccc8cae2f09f,6.3500,6.8999,6.1201,6.3800,29329,2022-07-19,DWTX
67999cac0da2ccc8cae2f0a0,5.8900,6.2900,5.7000,6.2500,45171,2022-07-18,DWTX
67999cac0da2ccc8cae2f0a1,5.3500,5.6900,5.3400,5.6700,23175,2022-07-15,DWTX
67999cac0da2ccc8cae2f0a2,5.1800,5.2850,5.0700,5.0700,16240,2022-07-14,DWTX
67999cac0da2ccc8cae2f0a3,4.7500,5.2231,4.7500,5.1800,44682,2022-07-13,DWTX
67999cac0da2ccc8cae2f0a4,4.9200,4.9200,4.6800,4.7301,7397,2022-07-12,DWTX
67999cac0da2ccc8cae2f0a5,4.7500,4.9200,4.5950,4.9000,9277,2022-07-11,DWTX
67999cac0da2ccc8cae2f0a6,4.3500,4.6600,4.3101,4.6600,8673,2022-07-08,DWTX
67999cac0da2ccc8cae2f0a7,4.1300,4.5000,4.1300,4.3000,24517,2022-07-07,DWTX
67999cac0da2ccc8cae2f0a8,4.1550,4.2000,4.1300,4.1300,875,2022-07-06,DWTX
67999cac0da2ccc8cae2f0a9,4.0400,4.2000,3.8901,4.1000,12529,2022-07-05,DWTX
67999cac0da2ccc8cae2f0aa,4.3700,4.3700,3.8800,3.9400,21654,2022-07-01,DWTX
67999cac0da2ccc8cae2f0ab,4.0800,4.2500,3.8900,4.2300,2391,2022-06-30,DWTX
67999cac0da2ccc8cae2f0ac,4.1050,4.2500,4.0201,4.1800,9272,2022-06-29,DWTX
67999cac0da2ccc8cae2f0ad,4.2000,4.2500,3.8786,4.0900,36147,2022-06-28,DWTX
67999cac0da2ccc8cae2f0ae,4.2900,4.4000,4.2900,4.3510,4568,2022-06-27,DWTX
67999cac0da2ccc8cae2f0af,4.3300,4.4000,4.2800,4.2800,8589,2022-06-24,DWTX
67999cac0da2ccc8cae2f0b0,4.3976,4.3976,4.2200,4.2300,1995,2022-06-23,DWTX
67999cac0da2ccc8cae2f0b1,4.1000,4.4300,4.0300,4.2500,23437,2022-06-22,DWTX
67999cac0da2ccc8cae2f0b2,4.0000,4.4000,3.7800,4.2500,35185,2022-06-21,DWTX
67999cac0da2ccc8cae2f0b3,3.7700,3.9796,3.7400,3.8800,41831,2022-06-17,DWTX
67999cac0da2ccc8cae2f0b4,4.0000,4.0000,3.7500,3.8900,39427,2022-06-16,DWTX
67999cac0da2ccc8cae2f0b5,4.4100,4.4100,4.0200,4.0400,9097,2022-06-15,DWTX
67999cac0da2ccc8cae2f0b6,4.2400,4.3890,4.2200,4.2200,1890,2022-06-14,DWTX
67999cac0da2ccc8cae2f0b7,4.1900,4.4900,3.9600,4.3100,19981,2022-06-13,DWTX
67999cac0da2ccc8cae2f0b8,4.3500,4.4400,4.3400,4.4000,8430,2022-06-10,DWTX
67999cac0da2ccc8cae2f0b9,4.5000,4.5000,4.2912,4.2912,5085,2022-06-09,DWTX
67999cac0da2ccc8cae2f0ba,4.4582,4.5000,4.4582,4.5000,651,2022-06-08,DWTX
67999cac0da2ccc8cae2f0bb,4.6099,4.6100,4.3200,4.3600,9154,2022-06-07,DWTX
67999cac0da2ccc8cae2f0bc,4.5800,4.5800,4.3500,4.4400,11720,2022-06-06,DWTX
67999cac0da2ccc8cae2f0bd,4.3800,4.4800,4.2328,4.4000,9547,2022-06-03,DWTX
67999cac0da2ccc8cae2f0be,4.4911,4.4948,4.1700,4.3500,18711,2022-06-02,DWTX
67999cac0da2ccc8cae2f0bf,4.3600,4.7000,3.9500,4.3600,17740,2022-06-01,DWTX
67999cac0da2ccc8cae2f0c0,4.4350,4.6600,4.2400,4.2900,7484,2022-05-31,DWTX
67999cac0da2ccc8cae2f0c1,4.2400,4.4687,4.2400,4.3200,1874,2022-05-27,DWTX
67999cac0da2ccc8cae2f0c2,4.0900,4.2401,3.6500,4.1900,12723,2022-05-26,DWTX
67999cac0da2ccc8cae2f0c3,3.9800,4.0899,3.9800,4.0400,6223,2022-05-25,DWTX
67999cac0da2ccc8cae2f0c4,4.2112,4.4400,4.0000,4.0700,6546,2022-05-24,DWTX
67999cac0da2ccc8cae2f0c5,4.5600,4.5750,4.3400,4.4400,16437,2022-05-23,DWTX
67999cac0da2ccc8cae2f0c6,4.8600,5.0050,4.4100,4.4100,12391,2022-05-20,DWTX
67999cac0da2ccc8cae2f0c7,4.3950,4.8900,4.3950,4.8900,20667,2022-05-19,DWTX
67999cac0da2ccc8cae2f0c8,4.4100,4.6699,4.3301,4.5700,35900,2022-05-18,DWTX
67999cac0da2ccc8cae2f0c9,3.9500,4.5700,3.7634,4.5300,58985,2022-05-17,DWTX
67999cac0da2ccc8cae2f0ca,3.5900,3.9284,3.4700,3.8700,20787,2022-05-16,DWTX
67999cac0da2ccc8cae2f0cb,3.5000,3.5611,3.4400,3.5300,17484,2022-05-13,DWTX
67999cac0da2ccc8cae2f0cc,3.3500,3.5529,3.3100,3.4900,27952,2022-05-12,DWTX
67999cac0da2ccc8cae2f0cd,3.5300,3.5300,3.3000,3.3100,19364,2022-05-11,DWTX
67999cac0da2ccc8cae2f0ce,3.4700,3.5400,3.3500,3.5400,9741,2022-05-10,DWTX
67999cac0da2ccc8cae2f0cf,3.7700,3.7700,3.3200,3.4400,51933,2022-05-09,DWTX
67999cac0da2ccc8cae2f0d0,3.8200,3.8700,3.6400,3.7100,13364,2022-05-06,DWTX
67999cac0da2ccc8cae2f0d1,3.7357,3.7800,3.7000,3.7500,5066,2022-05-05,DWTX
67999cac0da2ccc8cae2f0d2,3.8800,3.9700,3.7003,3.9700,20414,2022-05-04,DWTX
67999cac0da2ccc8cae2f0d3,3.9800,4.0690,3.8500,3.9014,17217,2022-05-03,DWTX
67999cac0da2ccc8cae2f0d4,3.9980,4.0600,3.8900,4.0000,11985,2022-05-02,DWTX
67999cac0da2ccc8cae2f0d5,3.9628,4.0499,3.8671,4.0100,9694,2022-04-29,DWTX
67999cac0da2ccc8cae2f0d6,3.9400,3.9722,3.6501,3.8601,19808,2022-04-28,DWTX
67999cac0da2ccc8cae2f0d7,3.8000,3.8500,3.7300,3.8207,15693,2022-04-27,DWTX
67999cac0da2ccc8cae2f0d8,4.1750,4.2206,3.7200,3.8100,36974,2022-04-26,DWTX
67999cac0da2ccc8cae2f0d9,4.1541,4.2600,4.1048,4.2200,18926,2022-04-25,DWTX
67999cac0da2ccc8cae2f0da,4.1041,4.2500,4.0996,4.1800,4484,2022-04-22,DWTX
67999cac0da2ccc8cae2f0db,4.2000,4.2809,4.1200,4.1200,12298,2022-04-21,DWTX
67999cac0da2ccc8cae2f0dc,4.2801,4.2801,4.1591,4.2400,2887,2022-04-20,DWTX
67999cac0da2ccc8cae2f0dd,4.1800,4.3300,4.1201,4.2450,13916,2022-04-19,DWTX
67999cac0da2ccc8cae2f0de,4.4000,4.4000,4.1000,4.1247,18674,2022-04-18,DWTX
67999cac0da2ccc8cae2f0df,4.3500,4.4000,4.2613,4.2613,2006,2022-04-14,DWTX
67999cac0da2ccc8cae2f0e0,4.4022,4.4100,4.1901,4.3000,15440,2022-04-13,DWTX
67999cac0da2ccc8cae2f0e1,4.4850,4.5150,4.2500,4.3300,8827,2022-04-12,DWTX
67999cac0da2ccc8cae2f0e2,4.5400,4.5486,4.4100,4.4200,5334,2022-04-11,DWTX
67999cac0da2ccc8cae2f0e3,4.5800,4.5800,4.5450,4.5450,1024,2022-04-08,DWTX
67999cac0da2ccc8cae2f0e4,4.6500,4.6500,4.4900,4.5000,8909,2022-04-07,DWTX
67999cac0da2ccc8cae2f0e5,4.5800,4.7000,4.5800,4.6200,1936,2022-04-06,DWTX
67999cac0da2ccc8cae2f0e6,4.7698,4.7698,4.7245,4.7300,1815,2022-04-05,DWTX
67999cac0da2ccc8cae2f0e7,4.5500,4.7900,4.5500,4.7200,11540,2022-04-04,DWTX
67999cac0da2ccc8cae2f0e8,4.4900,4.6399,4.4900,4.5400,9639,2022-04-01,DWTX
67999cac0da2ccc8cae2f0e9,4.6000,4.7100,4.3900,4.4800,33293,2022-03-31,DWTX
67999cac0da2ccc8cae2f0ea,4.9700,4.9700,4.2107,4.5400,65513,2022-03-30,DWTX
67999cac0da2ccc8cae2f0eb,4.9400,5.4900,4.9000,4.9700,11970,2022-03-29,DWTX
67999cac0da2ccc8cae2f0ec,5.3800,5.3800,4.6000,4.7550,116640,2022-03-28,DWTX
67999cac0da2ccc8cae2f0ed,5.3348,5.5000,5.2172,5.3800,22089,2022-03-25,DWTX
67999cac0da2ccc8cae2f0ee,5.4000,5.5000,5.3600,5.5000,10031,2022-03-24,DWTX
67999cac0da2ccc8cae2f0ef,5.4200,5.6800,5.2585,5.2700,18475,2022-03-23,DWTX
67999cac0da2ccc8cae2f0f0,5.6100,5.6610,5.2200,5.5000,59206,2022-03-22,DWTX
67999cac0da2ccc8cae2f0f1,5.7100,5.7200,5.4600,5.6600,18654,2022-03-21,DWTX
67999cac0da2ccc8cae2f0f2,5.5300,5.6499,5.2600,5.6300,52500,2022-03-18,DWTX
67999cac0da2ccc8cae2f0f3,5.5300,5.6600,5.2800,5.5300,15118,2022-03-17,DWTX
67999cac0da2ccc8cae2f0f4,5.1128,5.2929,5.0146,5.1200,15437,2022-03-16,DWTX
67999cac0da2ccc8cae2f0f5,5.6600,5.6600,5.0000,5.0100,37679,2022-03-15,DWTX
67999cac0da2ccc8cae2f0f6,5.4700,5.5500,5.1700,5.2600,34307,2022-03-14,DWTX
67999cac0da2ccc8cae2f0f7,5.3150,5.4799,5.1400,5.2200,5847,2022-03-11,DWTX
67999cac0da2ccc8cae2f0f8,5.3700,5.6700,5.0600,5.3600,24259,2022-03-10,DWTX
67999cac0da2ccc8cae2f0f9,5.2000,5.4660,5.1200,5.3300,17212,2022-03-09,DWTX
67999cac0da2ccc8cae2f0fa,5.4900,5.4900,5.0000,5.0001,37900,2022-03-08,DWTX
67999cac0da2ccc8cae2f0fb,5.4101,5.7000,5.1900,5.2500,19122,2022-03-07,DWTX
67999cac0da2ccc8cae2f0fc,5.8900,6.0150,5.3589,5.5900,29563,2022-03-04,DWTX
67999cac0da2ccc8cae2f0fd,6.0800,6.1500,5.8584,6.0200,15643,2022-03-03,DWTX
67999cac0da2ccc8cae2f0fe,6.0000,6.0900,5.8600,6.0900,1490,2022-03-02,DWTX
67999cac0da2ccc8cae2f0ff,5.5700,6.0100,5.5700,5.7400,4678,2022-03-01,DWTX
67999cac0da2ccc8cae2f100,5.7800,5.8700,5.6600,5.6600,8614,2022-02-28,DWTX
67999cac0da2ccc8cae2f101,5.7000,5.8800,5.6500,5.7500,12011,2022-02-25,DWTX
67999cac0da2ccc8cae2f102,5.6800,5.8399,5.6000,5.6000,18169,2022-02-24,DWTX
67999cac0da2ccc8cae2f103,5.9500,6.0320,5.7700,5.8500,7009,2022-02-23,DWTX
67999cac0da2ccc8cae2f104,6.0998,6.0999,5.8000,5.8000,13520,2022-02-22,DWTX
67999cac0da2ccc8cae2f105,6.0614,6.1950,6.0600,6.0800,9182,2022-02-18,DWTX
67999cac0da2ccc8cae2f106,6.1700,6.2501,6.1200,6.2000,5845,2022-02-17,DWTX
67999cac0da2ccc8cae2f107,6.3800,6.4210,6.1600,6.2500,11156,2022-02-16,DWTX
67999cac0da2ccc8cae2f108,6.2500,6.6400,6.2500,6.3400,4448,2022-02-15,DWTX
67999cac0da2ccc8cae2f109,6.7200,6.7200,6.1800,6.1800,5847,2022-02-14,DWTX
67999cac0da2ccc8cae2f10a,6.7800,6.7800,6.1700,6.2600,9005,2022-02-11,DWTX
67999cac0da2ccc8cae2f10b,6.4500,6.5495,6.3200,6.3200,11191,2022-02-10,DWTX
67999cac0da2ccc8cae2f10c,6.3550,6.4799,6.2300,6.4400,9554,2022-02-09,DWTX
67999cac0da2ccc8cae2f10d,6.4300,6.4300,6.1400,6.2400,7816,2022-02-08,DWTX
67999cac0da2ccc8cae2f10e,6.2606,6.6400,6.2601,6.3600,18245,2022-02-07,DWTX
67999cac0da2ccc8cae2f10f,6.3400,6.7413,6.2500,6.3900,9369,2022-02-04,DWTX
67999cac0da2ccc8cae2f110,6.7900,6.9264,6.3000,6.3000,56560,2022-02-03,DWTX
67999cac0da2ccc8cae2f111,6.6050,6.7900,6.3219,6.7900,7657,2022-02-02,DWTX
67999cac0da2ccc8cae2f112,6.4600,6.7400,6.2300,6.6400,60105,2022-02-01,DWTX
67999cac0da2ccc8cae2f113,6.4300,6.6600,6.2700,6.4000,34259,2022-01-31,DWTX
67999cac0da2ccc8cae2f114,5.7500,6.2100,5.7500,6.2100,9065,2022-01-28,DWTX
67999cac0da2ccc8cae2f115,6.0001,6.1900,5.7600,5.7700,25133,2022-01-27,DWTX
67999cac0da2ccc8cae2f116,6.0700,6.3600,5.6701,5.9400,16319,2022-01-26,DWTX
67999cac0da2ccc8cae2f117,6.0600,6.3270,5.6600,6.0800,25585,2022-01-25,DWTX
67999cac0da2ccc8cae2f118,6.3300,6.4700,5.5000,6.0500,55645,2022-01-24,DWTX
67999cac0da2ccc8cae2f119,7.0400,7.0400,6.1900,6.5600,25395,2022-01-21,DWTX
67999cac0da2ccc8cae2f11a,7.0800,7.2098,6.6500,6.6500,74642,2022-01-20,DWTX
67999cac0da2ccc8cae2f11b,6.0900,6.9200,6.0800,6.9200,37857,2022-01-19,DWTX
67999cac0da2ccc8cae2f11c,6.5700,6.5700,6.1000,6.2100,21612,2022-01-18,DWTX
67999cac0da2ccc8cae2f11d,5.9900,6.4700,5.9099,6.3600,57475,2022-01-14,DWTX
67999cac0da2ccc8cae2f11e,5.7276,6.0000,5.6930,5.9700,6281,2022-01-13,DWTX
67999cac0da2ccc8cae2f11f,5.9600,5.9600,5.5695,5.9000,13908,2022-01-12,DWTX
67999cac0da2ccc8cae2f120,5.6700,5.8900,5.5750,5.8600,7911,2022-01-11,DWTX
67999cac0da2ccc8cae2f121,5.6000,5.7300,5.2400,5.7300,24167,2022-01-10,DWTX
67999cac0da2ccc8cae2f122,5.8700,6.0000,5.4600,5.6300,37819,2022-01-07,DWTX
67999cac0da2ccc8cae2f123,5.8100,5.9600,5.5400,5.8400,19594,2022-01-06,DWTX
67999cac0da2ccc8cae2f124,5.6700,5.9300,5.5778,5.7200,7941,2022-01-05,DWTX
67999cac0da2ccc8cae2f125,5.8900,5.8900,5.5300,5.7000,26199,2022-01-04,DWTX
67999cac0da2ccc8cae2f126,5.3000,5.7000,5.2000,5.6700,24577,2022-01-03,DWTX
67999cac0da2ccc8cae2f127,5.1200,5.3700,5.0393,5.1150,27228,2021-12-31,DWTX
67999cac0da2ccc8cae2f128,5.1700,5.4025,5.1000,5.1981,37735,2021-12-30,DWTX
67999cac0da2ccc8cae2f129,5.2216,5.2400,5.0000,5.0000,41456,2021-12-29,DWTX
67999cac0da2ccc8cae2f12a,4.8600,5.3192,4.8012,5.1600,46804,2021-12-28,DWTX
67999cac0da2ccc8cae2f12b,5.5900,5.8600,4.7800,4.7800,32989,2021-12-27,DWTX
67999cac0da2ccc8cae2f12c,5.6700,5.8400,5.4800,5.6350,7118,2021-12-23,DWTX
67999cac0da2ccc8cae2f12d,5.7800,5.7800,5.4300,5.7500,42050,2021-12-22,DWTX
67999cac0da2ccc8cae2f12e,5.1400,5.8799,5.1100,5.7800,36907,2021-12-21,DWTX
67999cac0da2ccc8cae2f12f,5.7100,5.8000,5.1900,5.2600,22573,2021-12-20,DWTX
67999cac0da2ccc8cae2f130,5.0900,5.5000,4.7000,5.5000,69365,2021-12-17,DWTX
67999cac0da2ccc8cae2f131,4.8500,5.0900,4.8500,5.0900,19816,2021-12-16,DWTX
67999cac0da2ccc8cae2f132,4.7200,5.0000,4.5500,4.9200,18207,2021-12-15,DWTX
67999cac0da2ccc8cae2f133,4.7966,4.7966,4.5100,4.5750,24401,2021-12-14,DWTX
67999cac0da2ccc8cae2f134,4.7000,4.9750,4.6000,4.6000,23769,2021-12-13,DWTX
67999cac0da2ccc8cae2f135,4.7000,4.7707,4.7000,4.7400,8913,2021-12-10,DWTX
67999cac0da2ccc8cae2f136,4.7000,4.7600,4.6202,4.6400,17188,2021-12-09,DWTX
67999cac0da2ccc8cae2f137,4.9807,4.9807,4.7300,4.7400,7180,2021-12-08,DWTX
67999cac0da2ccc8cae2f138,4.6500,5.1140,4.6101,4.9300,21031,2021-12-07,DWTX
67999cac0da2ccc8cae2f139,4.5300,4.7700,4.2800,4.7300,31372,2021-12-06,DWTX
67999cac0da2ccc8cae2f13a,4.8600,4.8700,4.6000,4.8100,19787,2021-12-03,DWTX
67999cac0da2ccc8cae2f13b,5.0700,5.0700,4.7100,4.9500,13072,2021-12-02,DWTX
67999cac0da2ccc8cae2f13c,5.5200,5.5200,4.9737,5.0700,51929,2021-12-01,DWTX
67999cac0da2ccc8cae2f13d,4.8200,5.5000,4.6800,5.4500,61339,2021-11-30,DWTX
67999cac0da2ccc8cae2f13e,5.0200,5.1842,4.7500,4.8100,10198,2021-11-29,DWTX
67999cac0da2ccc8cae2f13f,4.8100,4.9500,4.7500,4.9500,20338,2021-11-26,DWTX
67999cac0da2ccc8cae2f140,5.0000,5.1279,4.7800,4.9500,23457,2021-11-24,DWTX
67999cac0da2ccc8cae2f141,5.0300,5.1089,4.9500,5.0000,13513,2021-11-23,DWTX
67999cac0da2ccc8cae2f142,5.5200,5.5200,4.8450,5.0999,9397,2021-11-22,DWTX
67999cac0da2ccc8cae2f143,5.4500,5.8000,5.2100,5.5200,49115,2021-11-19,DWTX
67999cac0da2ccc8cae2f144,5.8100,5.8100,5.3700,5.5900,14187,2021-11-18,DWTX
67999cac0da2ccc8cae2f145,5.8900,6.0000,5.3807,5.7600,33911,2021-11-17,DWTX
67999cac0da2ccc8cae2f146,5.3300,5.9480,5.2402,5.8600,49879,2021-11-16,DWTX
67999cac0da2ccc8cae2f147,5.3301,5.7899,5.3200,5.4400,96652,2021-11-15,DWTX
67999cac0da2ccc8cae2f148,5.5900,5.5900,5.3000,5.4800,9269,2021-11-12,DWTX
67999cac0da2ccc8cae2f149,5.6500,5.9098,5.4700,5.6436,11863,2021-11-11,DWTX
67999cac0da2ccc8cae2f14a,5.5200,5.6900,5.3000,5.5500,47963,2021-11-10,DWTX
67999cac0da2ccc8cae2f14b,5.7500,5.9494,5.4100,5.6700,68927,2021-11-09,DWTX
67999cac0da2ccc8cae2f14c,5.9700,5.9900,5.4100,5.7000,65638,2021-11-08,DWTX
67999cac0da2ccc8cae2f14d,5.4500,5.8100,5.4500,5.8100,17038,2021-11-05,DWTX
67999cac0da2ccc8cae2f14e,5.7300,5.7300,5.3500,5.4500,30936,2021-11-04,DWTX
67999cac0da2ccc8cae2f14f,6.0800,6.0800,5.7350,5.8400,16864,2021-11-03,DWTX
67999cac0da2ccc8cae2f150,5.6799,6.5400,5.2800,6.1200,147664,2021-11-02,DWTX
67999cac0da2ccc8cae2f151,4.7400,5.6800,4.7400,5.6600,154066,2021-11-01,DWTX
67999cac0da2ccc8cae2f152,4.3400,5.0400,4.3302,4.6700,46570,2021-10-29,DWTX
67999cac0da2ccc8cae2f153,4.0371,4.4600,4.0371,4.4000,29472,2021-10-28,DWTX
67999cac0da2ccc8cae2f154,4.4800,4.4800,4.0300,4.0700,31676,2021-10-27,DWTX
67999cac0da2ccc8cae2f155,4.5600,4.5900,4.0000,4.2800,38108,2021-10-26,DWTX
67999cac0da2ccc8cae2f156,4.3100,4.5000,4.3100,4.3600,17819,2021-10-25,DWTX
67999cac0da2ccc8cae2f157,4.7600,4.8340,4.3000,4.3000,26825,2021-10-22,DWTX
67999cac0da2ccc8cae2f158,4.7938,4.8000,4.6800,4.7300,4991,2021-10-21,DWTX
67999cac0da2ccc8cae2f159,4.7700,4.8600,4.7500,4.8000,14288,2021-10-20,DWTX
67999cac0da2ccc8cae2f15a,4.7700,4.8900,4.6411,4.7400,17305,2021-10-19,DWTX
67999cac0da2ccc8cae2f15b,4.7200,4.9000,4.7200,4.7900,11719,2021-10-18,DWTX
67999cac0da2ccc8cae2f15c,4.8200,4.8700,4.7000,4.7000,7613,2021-10-15,DWTX
67999cac0da2ccc8cae2f15d,5.0500,5.0500,4.8200,4.8500,7206,2021-10-14,DWTX
67999cac0da2ccc8cae2f15e,5.0000,5.0000,4.8000,4.9700,9118,2021-10-13,DWTX
67999cac0da2ccc8cae2f15f,4.8800,4.9200,4.6300,4.9200,21717,2021-10-12,DWTX
67999cac0da2ccc8cae2f160,4.9490,4.9490,4.7500,4.8100,21386,2021-10-11,DWTX
67999cac0da2ccc8cae2f161,4.9800,5.1800,4.9500,5.0250,5368,2021-10-08,DWTX
67999cac0da2ccc8cae2f162,5.2000,5.2000,4.9200,4.9700,8795,2021-10-07,DWTX
67999cac0da2ccc8cae2f163,4.8500,4.9794,4.8500,4.9500,11606,2021-10-06,DWTX
67999cac0da2ccc8cae2f164,4.9500,5.0021,4.8300,4.9000,12633,2021-10-05,DWTX
67999cac0da2ccc8cae2f165,5.5000,5.5000,4.9000,4.9000,19807,2021-10-04,DWTX
67999cac0da2ccc8cae2f166,5.3000,5.3000,5.0000,5.1400,9721,2021-10-01,DWTX
67999cac0da2ccc8cae2f167,5.3700,5.3700,5.0136,5.2900,15612,2021-09-30,DWTX
67999cac0da2ccc8cae2f168,5.1600,5.1950,5.0000,5.0500,7446,2021-09-29,DWTX
67999cac0da2ccc8cae2f169,5.2500,5.2557,5.0500,5.0800,16940,2021-09-28,DWTX
67999cac0da2ccc8cae2f16a,5.2500,5.4200,5.2100,5.2500,25870,2021-09-27,DWTX
67999cac0da2ccc8cae2f16b,5.3600,5.3700,5.2000,5.2000,13320,2021-09-24,DWTX
67999cac0da2ccc8cae2f16c,5.2000,5.5300,5.2000,5.4700,15231,2021-09-23,DWTX
67999cac0da2ccc8cae2f16d,5.1600,5.5488,5.1600,5.1900,7693,2021-09-22,DWTX
67999cac0da2ccc8cae2f16e,5.2500,5.5505,5.1500,5.1600,30163,2021-09-21,DWTX
67999cac0da2ccc8cae2f16f,5.1500,5.6400,5.1500,5.1500,32968,2021-09-20,DWTX
67999cac0da2ccc8cae2f170,5.8000,5.8300,5.1300,5.1300,55806,2021-09-17,DWTX
67999cac0da2ccc8cae2f171,5.5800,5.8300,5.5001,5.6100,13872,2021-09-16,DWTX
67999cac0da2ccc8cae2f172,5.8899,5.8899,5.5000,5.5000,34122,2021-09-15,DWTX
67999cac0da2ccc8cae2f173,5.9300,6.0600,5.7600,5.9000,16862,2021-09-14,DWTX
67999cac0da2ccc8cae2f174,5.6700,6.0400,5.6019,5.8000,33556,2021-09-13,DWTX
67999cac0da2ccc8cae2f175,6.1032,6.1800,5.8100,6.1400,16832,2021-09-10,DWTX
67999cac0da2ccc8cae2f176,5.7200,6.1500,5.5800,6.1500,31958,2021-09-09,DWTX
67999cac0da2ccc8cae2f177,5.9850,6.2000,5.5827,5.7800,90540,2021-09-08,DWTX
67999cac0da2ccc8cae2f178,5.6200,5.8000,5.6200,5.7600,20569,2021-09-07,DWTX
67999cac0da2ccc8cae2f179,5.5201,5.8500,5.5116,5.6800,31960,2021-09-03,DWTX
67999cac0da2ccc8cae2f17a,5.3500,5.8000,5.3500,5.6700,77586,2021-09-02,DWTX
67999cac0da2ccc8cae2f17b,5.1800,5.4700,5.0100,5.3000,95429,2021-09-01,DWTX
67999cac0da2ccc8cae2f17c,5.0100,5.2199,5.0010,5.0600,13672,2021-08-31,DWTX
67999cac0da2ccc8cae2f17d,5.2200,5.3300,5.0445,5.2000,18535,2021-08-30,DWTX
67999cac0da2ccc8cae2f17e,5.0800,5.3076,4.9800,5.2600,42488,2021-08-27,DWTX
67999cac0da2ccc8cae2f17f,4.9800,5.1900,4.9000,5.0200,26570,2021-08-26,DWTX
67999cac0da2ccc8cae2f180,4.8746,5.0500,4.7813,4.9900,8038,2021-08-25,DWTX
67999cac0da2ccc8cae2f181,4.8700,5.0000,4.8000,4.9750,9720,2021-08-24,DWTX
67999cac0da2ccc8cae2f182,4.6700,4.8400,4.6578,4.8200,20598,2021-08-23,DWTX
67999cac0da2ccc8cae2f183,4.5800,4.6400,4.5200,4.6100,14430,2021-08-20,DWTX
67999cac0da2ccc8cae2f184,4.8400,4.9854,4.6200,4.6200,11466,2021-08-19,DWTX
67999cac0da2ccc8cae2f185,4.8200,4.9486,4.8000,4.8700,14218,2021-08-18,DWTX
67999cac0da2ccc8cae2f186,5.0500,5.1289,4.8000,4.8200,12890,2021-08-17,DWTX
67999cac0da2ccc8cae2f187,5.0800,5.8700,4.9000,5.0600,140129,2021-08-16,DWTX
67999cac0da2ccc8cae2f188,5.3200,5.3200,4.9105,5.0500,32663,2021-08-13,DWTX
67999cac0da2ccc8cae2f189,5.4100,5.5600,5.1948,5.5400,8670,2021-08-12,DWTX
67999cac0da2ccc8cae2f18a,5.2800,5.3560,5.1500,5.3400,22772,2021-08-11,DWTX
67999cac0da2ccc8cae2f18b,5.4900,5.6499,5.4000,5.4900,3490,2021-08-10,DWTX
67999cac0da2ccc8cae2f18c,5.2500,5.6800,5.2500,5.4100,20145,2021-08-09,DWTX
67999cac0da2ccc8cae2f18d,5.3500,5.3500,5.2000,5.2100,17282,2021-08-06,DWTX
67999cac0da2ccc8cae2f18e,5.3200,5.4500,5.3000,5.3500,3291,2021-08-05,DWTX
67999cac0da2ccc8cae2f18f,5.4500,5.5104,5.2100,5.2900,29103,2021-08-04,DWTX
67999cac0da2ccc8cae2f190,5.5300,5.5750,5.3100,5.5000,17066,2021-08-03,DWTX
67999cac0da2ccc8cae2f191,5.9500,6.1156,5.4700,5.5300,24536,2021-08-02,DWTX
67999cac0da2ccc8cae2f192,5.6900,6.0000,5.5200,5.9500,18842,2021-07-30,DWTX
67999cac0da2ccc8cae2f193,5.6100,5.9400,5.4011,5.7900,34444,2021-07-29,DWTX
67999cac0da2ccc8cae2f194,5.4300,5.8300,5.2700,5.5900,23344,2021-07-28,DWTX
67999cac0da2ccc8cae2f195,5.1500,5.7500,5.1500,5.4900,43529,2021-07-27,DWTX
67999cac0da2ccc8cae2f196,6.2432,6.2432,5.1100,5.6800,404063,2021-07-26,DWTX
67999cac0da2ccc8cae2f197,5.5700,6.0599,5.5700,5.7100,74370,2021-07-23,DWTX
67999cac0da2ccc8cae2f198,5.7400,5.7700,5.6000,5.6300,8932,2021-07-22,DWTX
67999cac0da2ccc8cae2f199,5.8100,5.8900,5.7000,5.8200,16313,2021-07-21,DWTX
67999cac0da2ccc8cae2f19a,5.7100,5.9800,5.6336,5.7200,12623,2021-07-20,DWTX
67999cac0da2ccc8cae2f19b,5.5500,5.9400,5.5000,5.7500,19643,2021-07-19,DWTX
67999cac0da2ccc8cae2f19c,6.0300,6.0999,5.7061,5.7100,30415,2021-07-16,DWTX
67999cac0da2ccc8cae2f19d,6.1804,6.1804,6.0500,6.1100,25825,2021-07-15,DWTX
67999cac0da2ccc8cae2f19e,6.4100,6.4100,6.1500,6.2900,18116,2021-07-14,DWTX
67999cac0da2ccc8cae2f19f,6.4600,6.5100,6.2394,6.3100,22523,2021-07-13,DWTX
67999cac0da2ccc8cae2f1a0,6.3700,6.6500,6.2300,6.5600,77218,2021-07-12,DWTX
67999cac0da2ccc8cae2f1a1,6.1200,6.5000,6.0200,6.3700,41949,2021-07-09,DWTX
67999cac0da2ccc8cae2f1a2,6.2800,6.3180,6.0100,6.1000,45203,2021-07-08,DWTX
67999cac0da2ccc8cae2f1a3,6.4100,6.5000,6.1501,6.2300,68673,2021-07-07,DWTX
67999cac0da2ccc8cae2f1a4,6.3100,6.4200,6.2000,6.4150,40318,2021-07-06,DWTX
67999cac0da2ccc8cae2f1a5,6.3405,6.3500,6.2101,6.2300,26901,2021-07-02,DWTX
67999cac0da2ccc8cae2f1a6,6.3800,6.4200,6.2900,6.3400,12814,2021-07-01,DWTX
67999cac0da2ccc8cae2f1a7,6.2800,6.4500,6.0600,6.2900,35267,2021-06-30,DWTX
67999cac0da2ccc8cae2f1a8,6.5100,6.5100,6.2200,6.2800,22215,2021-06-29,DWTX
67999cac0da2ccc8cae2f1a9,6.6000,6.6000,6.1544,6.4900,68816,2021-06-28,DWTX
67999cac0da2ccc8cae2f1aa,6.7100,6.8200,6.5000,6.5900,33731,2021-06-25,DWTX
67999cac0da2ccc8cae2f1ab,6.8700,6.9400,6.4200,6.7700,76337,2021-06-24,DWTX
67999cac0da2ccc8cae2f1ac,6.5200,6.9500,6.4800,6.9500,115991,2021-06-23,DWTX
67999cac0da2ccc8cae2f1ad,6.5300,6.7000,6.2800,6.5000,163058,2021-06-22,DWTX
67999cac0da2ccc8cae2f1ae,5.8100,7.4500,5.8100,6.7800,2487547,2021-06-21,DWTX
67999cac0da2ccc8cae2f1af,6.0200,6.1188,5.7600,6.0400,81099,2021-06-18,DWTX
67999cac0da2ccc8cae2f1b0,5.8000,6.0800,5.8000,6.0800,53025,2021-06-17,DWTX
67999cac0da2ccc8cae2f1b1,5.6100,5.8600,5.5500,5.8600,49157,2021-06-16,DWTX
67999cac0da2ccc8cae2f1b2,5.9400,5.9400,5.6007,5.7000,66888,2021-06-15,DWTX
67999cac0da2ccc8cae2f1b3,6.2100,6.2800,5.8400,5.9100,65786,2021-06-14,DWTX
67999cac0da2ccc8cae2f1b4,6.4300,6.7700,5.9922,6.1300,184747,2021-06-11,DWTX
67999cac0da2ccc8cae2f1b5,6.2400,6.4976,5.9750,6.2400,50838,2021-06-10,DWTX
67999cac0da2ccc8cae2f1b6,6.8000,6.9480,5.8100,6.1400,350368,2021-06-09,DWTX
67999cac0da2ccc8cae2f1b7,5.5700,5.8100,5.4300,5.6200,111255,2021-06-08,DWTX
67999cac0da2ccc8cae2f1b8,5.4800,5.6549,5.4601,5.6200,30720,2021-06-07,DWTX
67999cac0da2ccc8cae2f1b9,5.7000,5.7700,5.4300,5.4500,85956,2021-06-04,DWTX
67999cac0da2ccc8cae2f1ba,5.2800,5.5599,5.2619,5.4300,26438,2021-06-03,DWTX
67999cac0da2ccc8cae2f1bb,5.5900,5.6500,5.3000,5.3400,93687,2021-06-02,DWTX
67999cac0da2ccc8cae2f1bc,5.3100,5.5000,5.0800,5.4600,72976,2021-06-01,DWTX
67999cac0da2ccc8cae2f1bd,5.2500,5.6358,5.2100,5.2500,33271,2021-05-28,DWTX
67999cac0da2ccc8cae2f1be,5.1300,5.3800,5.1000,5.2900,40528,2021-05-27,DWTX
67999cac0da2ccc8cae2f1bf,5.1700,5.2500,5.0100,5.0900,46722,2021-05-26,DWTX
67999cac0da2ccc8cae2f1c0,5.5800,5.6200,5.3100,5.3100,47233,2021-05-25,DWTX
67999cac0da2ccc8cae2f1c1,5.7500,5.7500,5.4900,5.5700,109033,2021-05-24,DWTX
67999cac0da2ccc8cae2f1c2,5.6200,5.7800,5.4098,5.7200,69052,2021-05-21,DWTX
67999cac0da2ccc8cae2f1c3,5.4600,5.7000,5.3400,5.5900,167935,2021-05-20,DWTX
67999cac0da2ccc8cae2f1c4,5.6500,5.6900,5.0800,5.4500,291114,2021-05-19,DWTX
67999cac0da2ccc8cae2f1c5,4.7000,6.4400,4.6540,5.6700,4249493,2021-05-18,DWTX
67999cac0da2ccc8cae2f1c6,4.7000,4.7800,4.7000,4.7499,14647,2021-05-17,DWTX
67999cac0da2ccc8cae2f1c7,4.8400,4.8499,4.7200,4.7901,4464,2021-05-14,DWTX
67999cac0da2ccc8cae2f1c8,4.8500,4.9800,4.7100,4.7100,29333,2021-05-13,DWTX
67999cac0da2ccc8cae2f1c9,4.7700,4.8800,4.7700,4.8100,19979,2021-05-12,DWTX
67999cac0da2ccc8cae2f1ca,4.8000,4.9000,4.7616,4.8900,22374,2021-05-11,DWTX
67999cac0da2ccc8cae2f1cb,4.8500,4.9700,4.8000,4.9600,33975,2021-05-10,DWTX
67999cac0da2ccc8cae2f1cc,4.9700,5.0600,4.9000,4.9300,8679,2021-05-07,DWTX
67999cac0da2ccc8cae2f1cd,4.8300,4.9700,4.8000,4.9000,12528,2021-05-06,DWTX
67999cac0da2ccc8cae2f1ce,5.0000,5.0800,4.7900,4.9000,32055,2021-05-05,DWTX
67999cac0da2ccc8cae2f1cf,5.0000,5.1400,4.8500,4.9500,29990,2021-05-04,DWTX
67999cac0da2ccc8cae2f1d0,5.3600,5.4600,5.0000,5.0000,48216,2021-05-03,DWTX
67999cac0da2ccc8cae2f1d1,5.7900,5.7900,5.1500,5.4100,106763,2021-04-30,DWTX
67999cac0da2ccc8cae2f1d2,5.8600,5.8700,5.6005,5.8100,17446,2021-04-29,DWTX
67999cac0da2ccc8cae2f1d3,5.6306,5.8500,5.5900,5.8500,16144,2021-04-28,DWTX
67999cac0da2ccc8cae2f1d4,5.6800,5.8000,5.5101,5.5700,15519,2021-04-27,DWTX
67999cac0da2ccc8cae2f1d5,5.6100,5.8099,5.3800,5.6900,25213,2021-04-26,DWTX
67999cac0da2ccc8cae2f1d6,5.5900,5.8612,5.4900,5.5150,23882,2021-04-23,DWTX
67999cac0da2ccc8cae2f1d7,5.2300,5.6000,5.1701,5.4900,34409,2021-04-22,DWTX
67999cac0da2ccc8cae2f1d8,5.1600,5.2567,5.0500,5.1500,33875,2021-04-21,DWTX
67999cac0da2ccc8cae2f1d9,5.5500,5.5500,5.1601,5.1700,29473,2021-04-20,DWTX
67999cac0da2ccc8cae2f1da,5.6000,5.8600,5.4201,5.5900,18185,2021-04-19,DWTX
67999cac0da2ccc8cae2f1db,5.7900,5.8679,5.3701,5.5800,54419,2021-04-16,DWTX
67999cac0da2ccc8cae2f1dc,6.0100,6.0100,5.5100,5.5200,24185,2021-04-15,DWTX
67999cac0da2ccc8cae2f1dd,5.9300,6.0000,5.8600,5.9000,10906,2021-04-14,DWTX
67999cac0da2ccc8cae2f1de,5.9100,6.1999,5.8100,5.8500,27656,2021-04-13,DWTX
67999cac0da2ccc8cae2f1df,6.1800,6.2906,5.9000,5.9900,30489,2021-04-12,DWTX
67999cac0da2ccc8cae2f1e0,6.3200,6.3400,6.1200,6.1700,23123,2021-04-09,DWTX
67999cac0da2ccc8cae2f1e1,6.2400,6.4200,6.2000,6.3100,23055,2021-04-08,DWTX
67999cac0da2ccc8cae2f1e2,6.3100,6.4200,6.1529,6.3200,78299,2021-04-07,DWTX
67999cac0da2ccc8cae2f1e3,6.2500,6.4360,5.9100,6.1100,191040,2021-04-06,DWTX
67999cac0da2ccc8cae2f1e4,5.7700,6.4699,5.7075,6.3500,104941,2021-04-05,DWTX
67999cac0da2ccc8cae2f1e5,5.7600,5.8000,5.6500,5.7300,22865,2021-04-01,DWTX
67999cac0da2ccc8cae2f1e6,5.7980,5.7980,5.6217,5.7300,44401,2021-03-31,DWTX
67999cac0da2ccc8cae2f1e7,5.3600,5.7200,5.3100,5.7000,56085,2021-03-30,DWTX
67999cac0da2ccc8cae2f1e8,5.3300,5.6481,5.3000,5.4600,77758,2021-03-29,DWTX
67999cac0da2ccc8cae2f1e9,5.2900,5.4900,5.1801,5.3000,22070,2021-03-26,DWTX
67999cac0da2ccc8cae2f1ea,5.0000,5.2500,4.9500,5.2300,36249,2021-03-25,DWTX
67999cac0da2ccc8cae2f1eb,5.2800,5.5300,5.0092,5.1000,75485,2021-03-24,DWTX
67999cac0da2ccc8cae2f1ec,5.5400,5.6100,5.2600,5.3000,39918,2021-03-23,DWTX
67999cac0da2ccc8cae2f1ed,5.7600,5.8800,5.4200,5.4200,86716,2021-03-22,DWTX
67999cac0da2ccc8cae2f1ee,5.7500,6.1500,5.6070,5.7300,118832,2021-03-19,DWTX
67999cac0da2ccc8cae2f1ef,6.0300,6.0600,5.6400,5.6400,68760,2021-03-18,DWTX
67999cac0da2ccc8cae2f1f0,6.1800,6.4600,6.0600,6.1600,54122,2021-03-17,DWTX
67999cac0da2ccc8cae2f1f1,6.3300,6.3800,6.1100,6.3600,32864,2021-03-16,DWTX
67999cac0da2ccc8cae2f1f2,6.6500,6.6600,6.1600,6.3000,151615,2021-03-15,DWTX
67999cac0da2ccc8cae2f1f3,6.6000,6.7800,6.5000,6.5900,32130,2021-03-12,DWTX
67999cac0da2ccc8cae2f1f4,6.0400,7.0199,5.9260,6.8000,194414,2021-03-11,DWTX
67999cac0da2ccc8cae2f1f5,5.9200,6.3000,5.8700,6.1600,55628,2021-03-10,DWTX
67999cac0da2ccc8cae2f1f6,5.2600,5.9800,5.1801,5.8700,230971,2021-03-09,DWTX
67999cac0da2ccc8cae2f1f7,5.1900,5.3799,5.0300,5.1300,58148,2021-03-08,DWTX
67999cac0da2ccc8cae2f1f8,5.3600,5.4500,4.6400,5.0100,151108,2021-03-05,DWTX
67999cac0da2ccc8cae2f1f9,5.7500,5.8099,4.6000,5.3800,332484,2021-03-04,DWTX
67999cac0da2ccc8cae2f1fa,6.2688,6.3400,5.7700,5.8600,175298,2021-03-03,DWTX
67999cac0da2ccc8cae2f1fb,6.4500,6.4999,6.2700,6.2700,42855,2021-03-02,DWTX
67999cac0da2ccc8cae2f1fc,6.2100,6.5600,6.2100,6.5500,56115,2021-03-01,DWTX
67999cac0da2ccc8cae2f1fd,6.3000,6.5900,6.1100,6.1900,73891,2021-02-26,DWTX
67999cac0da2ccc8cae2f1fe,6.8500,7.0560,6.0900,6.3400,137543,2021-02-25,DWTX
67999cac0da2ccc8cae2f1ff,6.8800,7.1000,6.7500,6.8400,40934,2021-02-24,DWTX
67999cac0da2ccc8cae2f200,7.3800,7.3800,6.6300,6.7500,139327,2021-02-23,DWTX
67999cac0da2ccc8cae2f201,7.5900,7.6800,7.3500,7.5000,67600,2021-02-22,DWTX
67999cac0da2ccc8cae2f202,7.6200,7.8000,7.4325,7.6000,144137,2021-02-19,DWTX
67999cac0da2ccc8cae2f203,7.5000,7.5100,7.2500,7.4400,125499,2021-02-18,DWTX
67999cac0da2ccc8cae2f204,7.5200,7.7200,7.2100,7.5800,176068,2021-02-17,DWTX
67999cac0da2ccc8cae2f205,7.7400,7.7700,7.4850,7.5900,116132,2021-02-16,DWTX
67999cac0da2ccc8cae2f206,7.5200,7.8700,7.2800,7.6100,174640,2021-02-12,DWTX
67999cac0da2ccc8cae2f207,7.9100,8.0300,7.3400,7.5300,195292,2021-02-11,DWTX
67999cac0da2ccc8cae2f208,8.3100,8.3597,7.7500,7.8800,542819,2021-02-10,DWTX
67999cac0da2ccc8cae2f209,7.9800,8.7900,7.7500,8.3100,728196,2021-02-09,DWTX
67999cac0da2ccc8cae2f20a,7.7800,8.4900,7.6500,8.0800,849623,2021-02-08,DWTX
67999cac0da2ccc8cae2f20b,8.0000,8.0000,7.4500,7.5500,438589,2021-02-05,DWTX
67999cac0da2ccc8cae2f20c,7.8500,8.1800,7.0200,8.0100,890623,2021-02-04,DWTX
67999cac0da2ccc8cae2f20d,6.9000,8.0000,6.8600,7.6700,666483,2021-02-03,DWTX
67999cac0da2ccc8cae2f20e,6.9800,7.1400,6.7700,6.8500,197545,2021-02-02,DWTX
67999cac0da2ccc8cae2f20f,6.9900,7.1050,6.4500,6.7500,360318,2021-02-01,DWTX
67999cac0da2ccc8cae2f210,7.2000,7.2100,6.6700,6.7900,355404,2021-01-29,DWTX
67999cac0da2ccc8cae2f211,7.2600,7.5500,7.1586,7.1700,135147,2021-01-28,DWTX
67999cac0da2ccc8cae2f212,7.7000,7.9000,7.2400,7.2700,269485,2021-01-27,DWTX
67999cac0da2ccc8cae2f213,7.7400,8.3000,7.7400,7.9700,212750,2021-01-26,DWTX
67999cac0da2ccc8cae2f214,7.8700,7.9000,7.6500,7.7900,89777,2021-01-25,DWTX
67999cac0da2ccc8cae2f215,7.5800,7.8800,7.5800,7.8000,120638,2021-01-22,DWTX
67999cac0da2ccc8cae2f216,7.5400,7.9000,7.5400,7.7400,126847,2021-01-21,DWTX
67999cac0da2ccc8cae2f217,7.8200,7.9240,7.5600,7.7500,197421,2021-01-20,DWTX
67999cac0da2ccc8cae2f218,8.1500,8.2000,7.6500,7.8100,230322,2021-01-19,DWTX
67999cac0da2ccc8cae2f219,8.2000,8.4500,7.9000,8.1600,257031,2021-01-15,DWTX
67999cac0da2ccc8cae2f21a,8.5100,8.6800,8.2700,8.3400,186834,2021-01-14,DWTX
67999cac0da2ccc8cae2f21b,8.5500,8.8000,8.1900,8.7000,346086,2021-01-13,DWTX
67999cac0da2ccc8cae2f21c,8.8900,9.3200,8.5100,8.6000,486784,2021-01-12,DWTX
67999cac0da2ccc8cae2f21d,8.2600,9.1000,8.1620,8.8400,364120,2021-01-11,DWTX
67999cac0da2ccc8cae2f21e,8.6000,8.6000,7.8901,8.3600,489242,2021-01-08,DWTX
67999cac0da2ccc8cae2f21f,8.1000,8.6000,8.1000,8.5400,264356,2021-01-07,DWTX
67999cac0da2ccc8cae2f220,8.1200,8.6400,7.8200,8.0500,351041,2021-01-06,DWTX
67999cac0da2ccc8cae2f221,7.3300,8.9000,7.3200,8.4400,702113,2021-01-05,DWTX
67999cac0da2ccc8cae2f222,7.5100,7.6200,7.1600,7.3300,207487,2021-01-04,DWTX
67999cac0da2ccc8cae2f223,7.9500,8.1500,7.4000,7.5100,386706,2020-12-31,DWTX
67999cac0da2ccc8cae2f224,8.1600,8.3100,7.4200,8.1500,384013,2020-12-30,DWTX
67999cac0da2ccc8cae2f225,8.0500,8.4200,7.2100,8.1100,738682,2020-12-29,DWTX
67999cac0da2ccc8cae2f226,9.2300,9.2300,8.1000,8.2100,857557,2020-12-28,DWTX
67999cac0da2ccc8cae2f227,9.5700,9.7800,8.9600,9.1400,555752,2020-12-24,DWTX
67999cac0da2ccc8cae2f228,9.2150,10.8000,8.9300,9.4900,1637798,2020-12-23,DWTX
67999cac0da2ccc8cae2f229,9.6600,9.7500,8.7000,8.9000,1132028,2020-12-22,DWTX
67999cac0da2ccc8cae2f22a,10.3452,10.5999,9.2601,9.8000,1436021,2020-12-21,DWTX
67999cac0da2ccc8cae2f22b,13.7600,14.3900,10.4000,10.4000,5085960,2020-12-18,DWTX
67999cac0da2ccc8cae2f22c,12.1500,16.7100,10.3000,16.7100,15921710,2020-12-17,DWTX
